id_panier,isbn,quantite,satut,date_restock,date_expedition,date_livraison,date_retour
0,2144258747867,1,en preparation,,,,
1,7795009073624,1,panier,,,,
2,8632231797805,2,panier,,,,
4,4367974881370,2,panier,,,,
5,9511097814219,2,panier,,,,
7,6046840620862,1,expedie,,2014/08/12,,
7,9185624733751,2,en preparation,,,,
8,3472861371151,2,livre,,2018/02/19,2018/03/07,
8,8291608910874,1,retourne,,2018/02/25,2018/03/16,2018/05/31
9,7851762906627,2,panier,,,,
11,4200019852356,2,en preparation,,,,
11,9302448195239,2,en attente,2020/02/29,,,
13,6629573602865,1,panier,,,,
13,4909960293060,2,panier,,,,
14,2427218921938,2,en preparation,,,,
14,5704258145126,1,en attente,2012/06/07,,,
17,0100432715711,2,expedie,,2017/03/31,,
18,4380102591337,2,annule,,,,
20,7743400409259,1,en preparation,,,,
25,5888404244340,2,en attente,2013/12/20,,,
26,2120695874989,2,panier,,,,
27,2456891634512,2,panier,,,,
29,4936361188092,2,expedie,,2017/09/05,,
29,8166462839478,2,annule,,,,
32,7743400409259,1,retourne,,2010/11/19,2010/11/24,2010/12/12
32,5181011021848,2,livre,,2010/11/13,2010/11/24,
33,5088893630645,1,expedie,,2010/01/14,,
35,4749269355688,1,livre,,2018/02/14,2018/03/09,
35,4291208025710,2,en attente,2018/03/04,,,
36,9041078944926,2,panier,,,,
37,0130868652968,1,panier,,,,
37,0433245866463,1,panier,,,,
38,9041078944926,1,retourne,,2016/03/05,2016/03/31,2016/06/12
38,0433245866463,2,annule,,,,
39,4387486987861,1,panier,,,,
39,2706596338897,1,panier,,,,
41,8595286372033,2,panier,,,,
41,1030811124519,2,panier,,,,
42,7309499375645,1,panier,,,,
42,1360651387296,2,panier,,,,
43,9922456689748,1,panier,,,,
44,3542465922160,2,panier,,,,
45,9346036732930,1,panier,,,,
46,5088893630645,1,panier,,,,
48,8012498397713,1,expedie,,2020/02/02,,
48,9911978025186,1,retourne,,2020/01/31,2020/02/13,2020/04/30
50,7743400409259,2,panier,,,,
50,2560532370545,1,panier,,,,
52,8423251785018,1,en preparation,,,,
53,3975642785288,1,retourne,,2013/10/26,2013/11/19,2013/11/20
53,4367974881370,2,retourne,,2013/10/25,2013/11/21,2014/01/31
55,9583425821531,1,panier,,,,
55,3197566714553,2,panier,,,,
58,7775194745581,2,panier,,,,
58,5162571711106,1,panier,,,,
59,1322080579351,2,panier,,,,
59,2315065067246,2,panier,,,,
61,4131982598913,2,panier,,,,
62,7304010999201,2,panier,,,,
62,1160700630436,2,panier,,,,
66,2384345373903,1,en preparation,,,,
66,1410689195428,2,retourne,,2019/08/15,2019/08/26,2019/11/09
68,9511097814219,1,panier,,,,
68,4935931986270,1,panier,,,,
69,4712354058051,1,livre,,2020/09/09,2020/09/11,
71,8595286372033,1,panier,,,,
71,9511097814219,2,panier,,,,
72,8464413909707,2,en attente,2012/08/06,,,
72,2382026236439,1,annule,,,,
73,9946544666473,1,expedie,,2019/07/25,,
73,5704258145126,1,en attente,2019/07/21,,,
74,0807914388956,1,panier,,,,
74,2456891634512,1,panier,,,,
75,8437852232670,2,panier,,,,
75,0634009374813,1,panier,,,,
76,9961135995185,2,expedie,,2011/02/12,,
76,3474808534262,1,annule,,,,
77,4999366121034,1,livre,,2015/04/04,2015/04/20,
80,8518027056941,2,panier,,,,
80,9440950944127,1,panier,,,,
83,6371476432593,1,livre,,2019/07/18,2019/08/14,
83,5398453274883,1,retourne,,2019/07/12,2019/07/22,2019/09/20
84,3975642785288,1,panier,,,,
85,5911450660484,2,en attente,2016/05/02,,,
86,6050285139312,1,retourne,,2015/09/14,2015/10/04,2015/11/04
88,4572107878314,2,panier,,,,
89,9185624733751,2,panier,,,,
90,7262783233232,2,livre,,2013/02/25,2013/03/15,
91,4935931986270,2,livre,,2018/11/07,2018/11/14,
92,4524036602112,2,panier,,,,
92,2457037620448,2,panier,,,,
93,6844447903105,2,en attente,2014/03/27,,,
94,7513538835073,1,panier,,,,
97,1984801414813,2,livre,,2012/07/21,2012/08/05,
97,1410689195428,2,annule,,,,
98,5888404244340,2,panier,,,,
98,9891488434484,2,panier,,,,
99,3685067713087,2,panier,,,,
99,7775194745581,1,panier,,,,
100,9684927804246,2,annule,,,,
102,9583425821531,2,livre,,2017/07/05,2017/07/12,
102,2955402388638,1,en preparation,,,,
103,1019152186286,2,panier,,,,
105,9963125172479,1,panier,,,,
105,7723453371627,1,panier,,,,
108,9511097814219,2,panier,,,,
108,8749303337499,1,panier,,,,
110,0845903211797,2,panier,,,,
110,4053775443725,2,panier,,,,
112,2486757908437,1,panier,,,,
113,0704618168784,1,retourne,,2016/11/24,2016/12/13,2017/01/29
113,0777574964718,1,expedie,,2016/11/25,,
114,9960877171612,1,expedie,,2017/01/07,,
115,9690128862016,1,panier,,,,
115,3853366626119,1,panier,,,,
116,0551227418389,1,panier,,,,
117,5223114922196,1,panier,,,,
117,1030811124519,2,panier,,,,
118,3213578682180,1,panier,,,,
118,6050285139312,1,panier,,,,
119,2695869957025,1,en attente,2016/04/24,,,
119,3196378866338,2,en preparation,,,,
120,9302448195239,1,retourne,,2018/05/19,2018/06/02,2018/06/07
121,2261273890766,2,annule,,,,
122,3160384984181,1,panier,,,,
123,7820035963572,2,livre,,2020/05/24,2020/05/30,
123,1030811124519,2,expedie,,2020/05/20,,
124,4909960293060,2,en attente,2017/09/22,,,
124,6030436795069,2,annule,,,,
126,9156392766633,1,en preparation,,,,
127,7428436088790,1,panier,,,,
128,9911978025186,2,panier,,,,
129,7743400409259,1,panier,,,,
130,5181011021848,2,annule,,,,
130,0704618168784,1,annule,,,,
131,3060797759875,2,panier,,,,
131,0898774739792,2,panier,,,,
133,4076035584114,1,panier,,,,
134,5322133827120,2,panier,,,,
134,9583425821531,1,panier,,,,
136,2485153264054,1,panier,,,,
136,9628764486462,1,panier,,,,
138,6989577440521,1,panier,,,,
139,5836922729204,2,panier,,,,
140,9511097814219,1,panier,,,,
140,6190328272488,1,panier,,,,
142,3690596459377,1,panier,,,,
146,0130868652968,1,panier,,,,
146,6629573602865,2,panier,,,,
148,8596293118945,2,annule,,,,
149,6354207426361,1,panier,,,,
149,9223138576904,1,panier,,,,
150,9911978025186,1,expedie,,2018/03/25,,
150,8166462839478,1,en preparation,,,,
151,4415726914223,1,panier,,,,
151,7228015929947,2,panier,,,,
152,9274520377953,1,panier,,,,
155,0688270396049,2,panier,,,,
155,4380102591337,2,panier,,,,
156,3853366626119,1,panier,,,,
156,7373324676287,2,panier,,,,
158,5911450660484,2,en attente,2015/05/02,,,
160,0282896375649,1,expedie,,2010/10/30,,
161,6369447375674,1,panier,,,,
165,7228015929947,1,livre,,2016/12/17,2017/01/01,
166,0720610923456,1,annule,,,,
166,8542431889226,1,annule,,,,
167,2107031077818,1,panier,,,,
167,3321410549530,2,panier,,,,
169,5648612192153,1,expedie,,2012/03/13,,
169,0282896375649,2,livre,,2012/03/15,2012/03/25,
170,7262783233232,2,panier,,,,
171,3994669581098,1,panier,,,,
176,8236990732018,2,en attente,2016/02/29,,,
177,4572107878314,2,annule,,,,
177,6163413701326,2,annule,,,,
180,6894971072849,1,en preparation,,,,
181,5702558994977,1,livre,,2012/08/20,2012/09/09,
181,7061566057224,1,retourne,,2012/08/20,2012/08/31,2012/11/19
184,8236990732018,2,panier,,,,
185,2695869957025,1,panier,,,,
185,9326048477793,1,panier,,,,
186,7904280969649,2,panier,,,,
186,3213578682180,1,panier,,,,
187,3057391180378,2,annule,,,,
187,6854581439829,2,retourne,,2015/08/21,2015/09/09,2015/12/05
188,6163413701326,1,en preparation,,,,
188,6147691556100,1,retourne,,2011/09/12,2011/10/06,2012/01/01
189,2408254716406,2,expedie,,2019/06/01,,
190,7102165002748,2,panier,,,,
190,4042350014941,1,panier,,,,
192,1179918040978,2,en preparation,,,,
193,0130868652968,1,annule,,,,
193,6894971072849,2,en attente,2017/08/09,,,
194,4291208025710,1,annule,,,,
194,2486757908437,1,en preparation,,,,
195,9762314776500,2,en attente,2021/01/08,,,
196,0433245866463,2,retourne,,2015/11/01,2015/11/03,2016/01/16
196,9922456689748,1,en preparation,,,,
197,5088893630645,1,en attente,2021/01/29,,,
197,6689783780795,1,retourne,,2021/01/06,2021/02/02,2021/02/05
198,9684927804246,1,panier,,,,
199,4435301411551,1,panier,,,,
200,1160700630436,2,retourne,,2012/12/26,2013/01/06,2013/01/07
202,9326048477793,1,en preparation,,,,
203,5088893630645,1,annule,,,,
204,3853366626119,1,panier,,,,
204,5712598679612,2,panier,,,,
209,7723453371627,2,retourne,,2020/04/29,2020/05/18,2020/07/23
211,2427218921938,2,panier,,,,
211,5181011021848,1,panier,,,,
212,1984801414813,1,panier,,,,
213,9274520377953,2,panier,,,,
214,2873618203477,1,en attente,2021/02/12,,,
214,1828141359452,1,expedie,,2021/01/29,,
215,1322080579351,1,livre,,2013/05/14,2013/05/25,
215,2695869957025,1,en attente,2013/05/22,,,
217,3196378866338,1,expedie,,2011/01/17,,
217,1410689195428,1,en preparation,,,,
218,9584378614075,2,panier,,,,
220,5746636435197,2,en preparation,,,,
223,8745268848879,1,en attente,2015/09/12,,,
223,7033186501040,2,expedie,,2015/09/04,,
224,8551761400367,1,en attente,2019/05/05,,,
224,1671153182268,1,en attente,2019/05/20,,,
225,2457037620448,2,annule,,,,
225,8943027987812,1,en attente,2016/02/01,,,
227,2120695874989,2,panier,,,,
231,1142910317998,2,livre,,2013/05/27,2013/06/25,
231,9376899752357,1,livre,,2013/06/04,2013/06/16,
232,0807914388956,2,panier,,,,
234,9135910424821,2,livre,,2012/08/29,2012/08/29,
235,6629573602865,2,panier,,,,
237,4935931986270,1,panier,,,,
237,9511097814219,1,panier,,,,
238,9960877171612,1,panier,,,,
240,4524036602112,2,panier,,,,
242,9945461932044,1,panier,,,,
243,4548147921217,1,livre,,2016/03/15,2016/04/10,
244,2408254716406,2,en attente,2011/10/26,,,
244,3410088877619,2,en attente,2011/10/30,,,
245,4438681803429,1,panier,,,,
246,0547807585435,1,panier,,,,
247,4927028854674,2,panier,,,,
248,9963125172479,2,en preparation,,,,
248,8632231797805,2,expedie,,2021/03/25,,
250,9597720419838,1,en preparation,,,,
251,6854581439829,2,livre,,2021/02/01,2021/02/15,
253,0903737353346,1,panier,,,,
254,4457199003843,1,panier,,,,
254,7102165002748,2,panier,,,,
256,7428436088790,1,panier,,,,
256,1968523264994,1,panier,,,,
258,8677050883314,2,en attente,2019/09/27,,,
258,2107031077818,1,expedie,,2019/09/13,,
259,4927028854674,2,panier,,,,
259,5510470487040,2,panier,,,,
260,9302448195239,1,livre,,2014/01/11,2014/01/27,
260,0794695236145,2,livre,,2014/01/04,2014/01/27,
263,8595286372033,1,annule,,,,
263,1400980616064,2,en preparation,,,,
265,9376899752357,1,panier,,,,
266,4148803955882,2,panier,,,,
267,8464413909707,2,panier,,,,
267,7968464147672,1,panier,,,,
268,0069051140860,2,livre,,2014/10/16,2014/11/01,
268,8437852232670,2,annule,,,,
270,3410088877619,2,panier,,,,
270,9526224724203,1,panier,,,,
272,9584378614075,2,en attente,2020/08/29,,,
273,8510782986282,1,annule,,,,
273,3576524856284,2,retourne,,2010/01/21,2010/02/13,2010/03/09
276,8259241182474,2,panier,,,,
277,5223114922196,1,en preparation,,,,
277,2891879081888,2,retourne,,2015/11/04,2015/11/11,2015/12/14
278,0704618168784,1,panier,,,,
278,0422778651974,2,panier,,,,
279,3690596459377,1,panier,,,,
280,9479982198216,1,expedie,,2011/02/04,,
281,2486757908437,1,panier,,,,
283,3321410549530,1,expedie,,2014/11/16,,
285,7740898506994,1,expedie,,2020/05/19,,
287,1630783259370,2,panier,,,,
288,9511097814219,1,panier,,,,
288,6384058192362,1,panier,,,,
289,5162571711106,1,en preparation,,,,
294,2408254716406,2,retourne,,2014/02/20,2014/02/25,2014/05/01
294,3685067713087,2,en preparation,,,,
295,0794695236145,2,panier,,,,
295,0551227418389,1,panier,,,,
299,2144258747867,2,en preparation,,,,
299,6005551155002,1,en preparation,,,,
300,5165628787476,1,en preparation,,,,
300,0217457615175,2,en preparation,,,,
301,0547807585435,1,livre,,2010/03/01,2010/03/08,
302,3576524856284,2,panier,,,,
302,3474808534262,2,panier,,,,
303,6934717366965,2,panier,,,,
304,2408254716406,2,annule,,,,
306,4042350014941,1,panier,,,,
306,2337914434734,2,panier,,,,
310,0845903211797,2,panier,,,,
310,4369801248619,2,panier,,,,
312,0845903211797,2,panier,,,,
312,0898774739792,2,panier,,,,
315,8166462839478,2,panier,,,,
317,0807914388956,1,panier,,,,
320,2408254716406,1,retourne,,2020/09/11,2020/09/15,2020/09/29
320,2107031077818,2,livre,,2020/09/13,2020/09/20,
322,7262783233232,1,retourne,,2014/02/14,2014/02/23,2014/03/20
322,1019152186286,1,retourne,,2014/02/09,2014/03/01,2014/04/12
324,4785727207665,1,panier,,,,
325,0069051140860,1,panier,,,,
328,4208067300059,1,panier,,,,
329,2581086282561,1,panier,,,,
330,1895259111268,2,en attente,2016/03/17,,,
331,4430955617515,1,panier,,,,
331,0688270396049,1,panier,,,,
334,9628764486462,2,panier,,,,
336,6989577440521,2,expedie,,2014/05/12,,
340,5382781101407,1,en attente,2020/03/12,,,
340,9961135995185,1,en preparation,,,,
341,0777574964718,2,panier,,,,
343,9597720419838,2,panier,,,,
343,4779897782409,2,panier,,,,
345,1322080579351,2,panier,,,,
346,7304010999201,1,panier,,,,
346,5888404244340,1,panier,,,,
348,2492693776728,1,panier,,,,
349,4572826260518,2,annule,,,,
350,7262783233232,2,panier,,,,
351,8596293118945,2,panier,,,,
351,4088332900477,2,panier,,,,
353,2581086282561,2,panier,,,,
354,2384345373903,1,panier,,,,
355,8596293118945,1,panier,,,,
357,2560532370545,1,en attente,2016/07/18,,,
357,3154168774193,2,annule,,,,
358,1566337649293,1,panier,,,,
358,3160384984181,1,panier,,,,
359,1019152186286,2,panier,,,,
360,4936361188092,1,panier,,,,
360,1984801414813,2,panier,,,,
361,5888404244340,2,en preparation,,,,
362,7312641474599,2,panier,,,,
364,0903737353346,2,en preparation,,,,
364,0100432715711,2,livre,,2014/01/30,2014/02/11,
365,3079729676910,2,panier,,,,
366,6143259988515,2,panier,,,,
368,6934717366965,1,panier,,,,
371,3115255453964,2,en preparation,,,,
372,2581086282561,1,livre,,2018/04/04,2018/05/02,
372,1322080579351,1,en attente,2018/04/24,,,
375,3978457605407,2,panier,,,,
375,3613330728879,1,panier,,,,
376,2408254716406,1,en attente,2018/12/21,,,
376,9961135995185,1,expedie,,2018/11/27,,
377,8745268848879,1,panier,,,,
377,4076035584114,2,panier,,,,
378,4572826260518,2,panier,,,,
378,2456891634512,1,panier,,,,
379,4749269355688,1,panier,,,,
381,5648612192153,2,panier,,,,
381,8518027056941,1,panier,,,,
382,0478417968727,1,en preparation,,,,
383,8437852232670,1,livre,,2019/04/10,2019/05/04,
386,4438681803429,1,en preparation,,,,
387,6371476432593,1,panier,,,,
388,2134396367979,2,expedie,,2014/10/30,,
388,8510782986282,1,en preparation,,,,
389,3213578682180,2,panier,,,,
390,3079729676910,2,panier,,,,
390,0282896375649,1,panier,,,,
394,6046840620862,1,panier,,,,
395,5322133827120,2,en attente,2018/07/27,,,
395,9440950944127,1,en attente,2018/07/10,,,
396,0069051140860,2,livre,,2018/08/27,2018/09/06,
396,3853366626119,2,expedie,,2018/08/23,,
398,6689783780795,1,panier,,,,
398,2456891634512,1,panier,,,,
399,5836922729204,1,en attente,2011/11/01,,,
399,4572826260518,1,expedie,,2011/10/17,,
400,9762314776500,1,annule,,,,
400,1766847474158,2,retourne,,2012/12/12,2012/12/15,2012/12/28
401,7740898506994,1,expedie,,2012/07/03,,
401,1566337649293,1,en attente,2012/07/12,,,
402,4367974881370,1,expedie,,2018/11/22,,
402,3174649273499,1,annule,,,,
403,8012498397713,1,livre,,2011/02/01,2011/02/13,
403,4148803955882,2,annule,,,,
404,3292525878379,1,en preparation,,,,
404,1828141359452,2,expedie,,2020/12/13,,
406,0634009374813,1,expedie,,2012/08/23,,
407,7228015929947,1,panier,,,,
407,9960877171612,1,panier,,,,
408,6629573602865,1,panier,,,,
409,9911978025186,2,panier,,,,
410,2427218921938,1,en attente,2020/01/07,,,
410,2456891634512,2,en attente,2020/01/01,,,
411,9960877171612,2,expedie,,2015/06/22,,
411,3197566714553,2,retourne,,2015/06/23,2015/07/01,2015/09/08
412,4435301411551,1,annule,,,,
412,3690596459377,2,annule,,,,
413,7513538835073,2,panier,,,,
414,5836922729204,1,panier,,,,
415,2560532370545,1,panier,,,,
416,9422878199017,1,panier,,,,
416,2382026236439,1,panier,,,,
417,3994669581098,1,panier,,,,
420,4367974881370,2,retourne,,2017/09/28,2017/10/21,2017/12/05
420,0343399571264,2,expedie,,2017/09/22,,
421,3321410549530,1,en attente,2021/02/08,,,
422,4380102591337,1,en attente,2015/11/23,,,
422,2955402388638,1,retourne,,2015/11/14,2015/12/01,2015/12/16
423,2457037620448,1,livre,,2016/02/11,2016/02/28,
425,5836922729204,1,retourne,,2012/03/28,2012/04/18,2012/05/14
425,2706596338897,1,expedie,,2012/03/25,,
426,0901225361808,1,panier,,,,
426,9041078944926,2,panier,,,,
428,5076794691909,1,panier,,,,
429,4712354058051,1,panier,,,,
432,9526224724203,1,expedie,,2020/08/19,,
432,2266321025197,1,en attente,2020/09/14,,,
433,5702558994977,2,livre,,2015/07/16,2015/07/23,
433,2427218921938,2,en attente,2015/07/31,,,
434,3057391180378,1,panier,,,,
434,2456891634512,1,panier,,,,
435,6854581439829,1,panier,,,,
436,9479982198216,1,annule,,,,
437,0973414162793,1,en attente,2019/12/01,,,
438,7775194745581,2,panier,,,,
439,9422732820979,2,panier,,,,
441,4053775443725,1,retourne,,2017/03/04,2017/03/22,2017/04/07
442,9911978025186,1,panier,,,,
444,2456891634512,2,panier,,,,
444,8986655944298,1,panier,,,,
445,5648612192153,1,panier,,,,
445,9628764486462,2,panier,,,,
446,8745268848879,1,panier,,,,
446,0343399571264,2,panier,,,,
448,2706596338897,2,annule,,,,
448,2924873216847,1,annule,,,,
449,6844447903105,1,annule,,,,
450,7061566057224,1,en attente,2012/01/25,,,
451,3367915176844,1,panier,,,,
452,1812518721427,1,retourne,,2021/03/22,2021/04/09,2021/06/14
452,8596293118945,2,expedie,,2021/03/15,,
453,1939884746458,2,panier,,,,
454,9422732820979,1,en attente,2013/09/09,,,
454,0343399571264,1,en preparation,,,,
455,0688270396049,1,panier,,,,
455,8551761400367,2,panier,,,,
458,8291608910874,1,panier,,,,
458,7904280969649,2,panier,,,,
459,4999366121034,1,panier,,,,
459,5704258145126,2,panier,,,,
460,0217457615175,2,livre,,2020/02/12,2020/02/25,
461,2266321025197,1,en attente,2011/11/19,,,
461,8166462839478,1,en preparation,,,,
463,8551761400367,2,en attente,2021/03/28,,,
463,5510470487040,1,annule,,,,
465,7102165002748,2,panier,,,,
466,8745268848879,1,panier,,,,
466,0217457615175,2,panier,,,,
467,6894971072849,2,panier,,,,
467,1160700630436,2,panier,,,,
469,5704258145126,1,panier,,,,
470,8595286372033,1,expedie,,2020/01/29,,
470,1701688690612,2,retourne,,2020/01/30,2020/02/19,2020/05/13
472,7723453371627,2,panier,,,,
474,8595286372033,1,retourne,,2017/01/17,2017/02/10,2017/05/04
475,3871451269614,1,panier,,,,
479,9135910424821,2,expedie,,2018/12/19,,
479,2266321025197,2,en attente,2018/12/31,,,
481,7061566057224,2,panier,,,,
482,4785727207665,1,panier,,,,
482,2408254716406,1,panier,,,,
483,0130868652968,2,panier,,,,
484,6190328272488,2,en attente,2017/12/14,,,
484,6046840620862,1,annule,,,,
485,7124306951211,2,livre,,2014/11/02,2014/11/09,
485,3690596459377,1,en attente,2014/11/20,,,
487,6030436795069,2,expedie,,2014/03/28,,
487,1566337649293,2,en preparation,,,,
489,1672820642889,1,expedie,,2018/06/10,,
489,2107031077818,2,en attente,2018/06/20,,,
490,1473746403676,1,panier,,,,
490,5648612192153,1,panier,,,,
491,5911450660484,2,en attente,2020/07/07,,,
491,9911978025186,1,en preparation,,,,
492,2120695874989,1,annule,,,,
492,3994669581098,2,livre,,2020/03/28,2020/03/28,
493,8166462839478,2,panier,,,,
493,1360651387296,1,panier,,,,
494,4208067300059,1,expedie,,2020/07/11,,
494,0901225361808,1,en preparation,,,,
495,0777574964718,1,panier,,,,
497,1716621592733,1,panier,,,,
498,0452447068288,2,expedie,,2014/06/09,,
498,1566337649293,2,annule,,,,
499,6046840620862,2,en attente,2018/08/22,,,
499,0901225361808,2,expedie,,2018/08/06,,
500,2384345373903,1,annule,,,,
500,5836922729204,2,livre,,2013/04/19,2013/04/23,
501,2266321025197,1,annule,,,,
501,5076794691909,1,livre,,2017/02/27,2017/03/25,
502,1812518721427,1,panier,,,,
502,3547970334288,1,panier,,,,
503,8551761400367,1,panier,,,,
505,0717976425719,1,annule,,,,
506,9961135995185,2,retourne,,2018/10/06,2018/10/14,2019/01/07
506,9302448195239,1,annule,,,,
510,8510782986282,1,panier,,,,
512,7102165002748,2,en attente,2019/06/05,,,
514,6934717366965,2,panier,,,,
515,9302448195239,1,panier,,,,
515,6046840620862,2,panier,,,,
517,7904280969649,1,panier,,,,
517,4457199003843,2,panier,,,,
519,3196378866338,1,panier,,,,
520,2706596338897,2,panier,,,,
522,9690128862016,2,panier,,,,
523,3292525878379,1,livre,,2014/12/24,2014/12/29,
524,5169972664619,1,livre,,2010/10/14,2010/10/31,
525,6371476432593,1,panier,,,,
526,6147691556100,2,panier,,,,
526,2384345373903,2,panier,,,,
528,2427218921938,1,en attente,2015/07/05,,,
528,9960877171612,1,expedie,,2015/06/23,,
530,4053775443725,1,retourne,,2016/02/14,2016/02/19,2016/03/18
531,1630783259370,2,en preparation,,,,
531,8437852232670,1,annule,,,,
532,9583425821531,1,panier,,,,
532,5223114922196,1,panier,,,,
536,0989721573616,1,annule,,,,
538,4909960293060,2,annule,,,,
540,9440950944127,2,retourne,,2018/11/27,2018/11/27,2019/01/24
541,0282896375649,2,retourne,,2018/04/29,2018/05/28,2018/07/25
542,1630783259370,1,panier,,,,
542,3174649273499,2,panier,,,,
543,6005551155002,2,en preparation,,,,
544,2337914434734,1,panier,,,,
545,4007159231381,2,en preparation,,,,
546,5704258145126,2,panier,,,,
546,9946544666473,1,panier,,,,
548,0688270396049,1,panier,,,,
549,2581086282561,1,livre,,2018/09/02,2018/09/09,
550,4524036602112,2,panier,,,,
551,2427218921938,2,panier,,,,
551,7723453371627,1,panier,,,,
553,9440950944127,2,panier,,,,
553,3294385251625,1,panier,,,,
554,9891488434484,2,livre,,2017/08/28,2017/09/11,
555,3975642785288,2,panier,,,,
557,0747078103606,2,retourne,,2011/10/01,2011/10/27,2011/12/29
558,3367915176844,2,panier,,,,
558,7820035963572,1,panier,,,,
561,9422732820979,2,en attente,2020/04/16,,,
561,4874110170057,2,retourne,,2020/03/27,2020/04/19,2020/05/27
562,6384058192362,2,panier,,,,
562,5784478653317,2,panier,,,,
563,9922456689748,2,panier,,,,
563,7775194745581,1,panier,,,,
566,2955402388638,1,panier,,,,
568,8127152136637,1,retourne,,2020/10/29,2020/11/27,2021/02/08
568,0638326482567,2,livre,,2020/10/30,2020/11/09,
569,7596614841228,2,panier,,,,
571,8236990732018,2,expedie,,2014/03/29,,
573,8595286372033,1,panier,,,,
573,0282896375649,1,panier,,,,
574,3021785410189,2,panier,,,,
574,6894971072849,2,panier,,,,
576,1984801414813,2,panier,,,,
576,8259241182474,2,panier,,,,
578,1701688690612,2,expedie,,2012/04/06,,
581,0903737353346,2,annule,,,,
581,0372215446125,1,retourne,,2016/11/25,2016/11/26,2016/12/08
582,7851762906627,2,panier,,,,
583,5836922729204,2,panier,,,,
584,0258622409205,2,livre,,2012/11/12,2012/11/19,
584,0747078103606,2,livre,,2012/11/18,2012/12/16,
586,0422778651974,2,en attente,2019/02/16,,,
586,9274520377953,1,annule,,,,
587,1400980616064,2,panier,,,,
587,5836922729204,2,panier,,,,
588,3213578682180,2,retourne,,2018/07/30,2018/08/17,2018/09/08
590,7968464147672,2,panier,,,,
591,4613583205378,2,panier,,,,
592,0258622409205,1,retourne,,2017/01/21,2017/02/14,2017/03/16
592,9922456689748,1,retourne,,2017/01/18,2017/02/15,2017/02/27
593,4042350014941,1,panier,,,,
594,0433245866463,2,en preparation,,,,
594,4200019852356,2,annule,,,,
596,3576524856284,2,en preparation,,,,
599,3213578682180,2,panier,,,,
599,3561416058648,2,panier,,,,
600,3994669581098,2,panier,,,,
600,2134396367979,2,panier,,,,
601,4415726914223,2,panier,,,,
603,9597720419838,1,en preparation,,,,
606,6143259988515,1,panier,,,,
606,3292525878379,2,panier,,,,
607,4184266743456,2,annule,,,,
607,4076035584114,1,en attente,2020/09/11,,,
608,3292525878379,2,panier,,,,
608,9479982198216,1,panier,,,,
610,5648612192153,1,en preparation,,,,
610,2978294739534,1,annule,,,,
611,7124306951211,2,annule,,,,
611,6844447903105,2,livre,,2013/03/21,2013/03/29,
612,0688270396049,2,panier,,,,
612,6005551155002,2,panier,,,,
613,3978457605407,1,panier,,,,
613,1125953297238,1,panier,,,,
614,5076794691909,2,expedie,,2019/01/25,,
614,9302448195239,1,expedie,,2019/01/22,,
616,4877379163465,1,livre,,2014/07/28,2014/08/08,
617,4042350014941,2,panier,,,,
617,3853366626119,1,panier,,,,
618,9526224724203,2,expedie,,2013/12/02,,
618,0100432715711,1,retourne,,2013/11/27,2013/12/21,2014/01/25
619,5510470487040,1,panier,,,,
619,9479982198216,1,panier,,,,
620,4785727207665,1,livre,,2016/02/02,2016/02/05,
620,8677050883314,1,en preparation,,,,
621,6143259988515,2,livre,,2018/09/28,2018/10/19,
623,3367915176844,2,panier,,,,
626,1671153182268,2,en preparation,,,,
627,1030811124519,1,en preparation,,,,
628,3197566714553,2,panier,,,,
628,7124306951211,1,panier,,,,
629,4430955617515,2,panier,,,,
631,0720610923456,1,panier,,,,
632,1360651387296,2,panier,,,,
632,1590783628366,2,panier,,,,
634,4088332900477,2,annule,,,,
635,6989577440521,1,panier,,,,
635,3871451269614,1,panier,,,,
636,9223138576904,2,panier,,,,
636,7102165002748,1,panier,,,,
637,9479982198216,1,panier,,,,
637,0688270396049,2,panier,,,,
640,5836922729204,2,panier,,,,
640,8518027056941,1,panier,,,,
642,3542465922160,2,panier,,,,
642,8127152136637,1,panier,,,,
644,2457037620448,2,panier,,,,
645,6934717366965,1,panier,,,,
645,7743400409259,1,panier,,,,
646,5702558994977,1,panier,,,,
647,9041078944926,1,panier,,,,
648,4415726914223,2,expedie,,2019/10/13,,
649,8127152136637,2,expedie,,2010/06/23,,
649,0566300833307,1,en preparation,,,,
650,0217457615175,2,retourne,,2018/12/15,2018/12/21,2019/01/14
651,9946544666473,2,panier,,,,
652,8986655944298,1,panier,,,,
653,0973414162793,1,panier,,,,
653,0901225361808,2,panier,,,,
659,5911450660484,2,panier,,,,
659,6629573602865,1,panier,,,,
660,6689783780795,1,panier,,,,
661,9274520377953,1,panier,,,,
661,1019152186286,2,panier,,,,
662,1630783259370,1,en attente,2019/06/09,,,
662,5181011021848,1,retourne,,2019/05/19,2019/06/17,2019/08/17
666,5162571711106,1,panier,,,,
666,8510782986282,1,panier,,,,
667,3472861371151,2,livre,,2019/11/16,2019/11/18,
667,0478417968727,1,en attente,2019/11/22,,,
668,4387486987861,2,panier,,,,
669,0903737353346,2,en attente,2013/04/03,,,
670,8749303337499,2,panier,,,,
670,3690596459377,1,panier,,,,
672,1160700630436,1,panier,,,,
673,4053775443725,1,panier,,,,
674,2382026236439,1,retourne,,2018/07/06,2018/07/13,2018/07/24
675,8510782986282,1,panier,,,,
677,1473746403676,1,panier,,,,
678,9960877171612,1,livre,,2012/11/12,2012/12/03,
678,1590783628366,2,en preparation,,,,
679,3367915176844,1,livre,,2014/02/08,2014/02/25,
680,5398453274883,2,panier,,,,
681,4007159231381,2,en preparation,,,,
682,3561416058648,1,panier,,,,
683,1272773351626,1,en preparation,,,,
684,8745268848879,1,en attente,2014/11/26,,,
684,6050285139312,1,en attente,2014/11/18,,,
687,4131982598913,1,panier,,,,
689,7089971494964,1,panier,,,,
690,1671153182268,2,panier,,,,
690,0794695236145,2,panier,,,,
691,1828141359452,2,expedie,,2014/05/02,,
692,7312641474599,1,panier,,,,
692,2485153264054,2,panier,,,,
696,9132788063786,1,en preparation,,,,
696,8166462839478,1,livre,,2016/10/23,2016/10/30,
698,0901225361808,2,panier,,,,
698,4877379163465,1,panier,,,,
701,9911978025186,1,panier,,,,
702,5702558994977,1,en preparation,,,,
702,0547807585435,1,livre,,2011/12/08,2011/12/21,
704,1342330687704,1,en attente,2017/05/05,,,
705,0282896375649,1,panier,,,,
706,9346036732930,2,panier,,,,
707,8582397851623,1,expedie,,2010/02/03,,
707,4572826260518,2,livre,,2010/02/02,2010/02/27,
710,4430955617515,1,panier,,,,
710,5322133827120,2,panier,,,,
713,9132788063786,2,livre,,2014/07/30,2014/08/22,
715,6030436795069,1,en attente,2019/03/02,,,
715,4779897782409,2,expedie,,2019/03/05,,
717,4007159231381,2,panier,,,,
718,0433245866463,2,panier,,,,
718,8012498397713,2,panier,,,,
719,0258622409205,1,panier,,,,
719,3174649273499,2,panier,,,,
720,2706596338897,1,annule,,,,
720,1322080579351,1,livre,,2019/11/17,2019/11/20,
721,3474808534262,1,panier,,,,
722,3978457605407,1,panier,,,,
722,7513538835073,1,panier,,,,
723,7740898506994,1,retourne,,2017/01/12,2017/02/01,2017/02/05
723,5088893630645,1,expedie,,2017/01/10,,
725,3160384984181,2,annule,,,,
725,0282896375649,1,livre,,2010/01/17,2010/02/11,
726,1410689195428,1,annule,,,,
726,8259241182474,1,retourne,,2017/04/25,2017/05/23,2017/08/20
728,4757605794880,2,en attente,2016/08/30,,,
732,2581086282561,1,panier,,,,
732,1939884746458,1,panier,,,,
734,4572826260518,2,panier,,,,
734,2695869957025,1,panier,,,,
735,0217457615175,2,annule,,,,
735,0566300833307,2,annule,,,,
736,6989577440521,1,en preparation,,,,
738,3474808534262,1,panier,,,,
738,7596614841228,1,panier,,,,
739,8930841327116,1,livre,,2013/01/26,2013/01/30,
742,4261183273738,2,panier,,,,
743,0634009374813,2,panier,,,,
743,9946544666473,2,panier,,,,
744,8259241182474,2,panier,,,,
745,4572107878314,1,retourne,,2011/03/03,2011/03/05,2011/05/12
746,8437852232670,1,panier,,,,
746,4951557159157,2,panier,,,,
747,2706596338897,2,panier,,,,
748,7312641474599,1,panier,,,,
748,6369447375674,1,panier,,,,
750,9762314776500,1,panier,,,,
750,2581086282561,1,panier,,,,
751,6384058192362,1,panier,,,,
751,3321410549530,1,panier,,,,
752,1671153182268,1,panier,,,,
752,8940322597306,2,panier,,,,
754,4076035584114,1,annule,,,,
754,9346036732930,2,annule,,,,
755,2560532370545,2,en attente,2019/12/07,,,
758,4387486987861,1,livre,,2015/10/17,2015/10/31,
758,8236990732018,2,annule,,,,
759,5223114922196,2,panier,,,,
760,0566300833307,1,expedie,,2012/06/05,,
760,6384058192362,2,livre,,2012/06/11,2012/07/09,
761,4927028854674,2,retourne,,2012/02/02,2012/02/07,2012/05/02
761,9597720419838,1,en attente,2012/02/09,,,
762,2485153264054,2,panier,,,,
763,5510470487040,2,en attente,2016/05/11,,,
763,4785727207665,1,en preparation,,,,
764,4524036602112,2,panier,,,,
764,2492693776728,2,panier,,,,
766,5911450660484,1,panier,,,,
766,2592577437557,2,panier,,,,
767,7262783233232,2,panier,,,,
767,5169972664619,2,panier,,,,
768,7978181395478,2,panier,,,,
768,3197566714553,1,panier,,,,
769,7795009073624,2,panier,,,,
770,8510782986282,2,expedie,,2017/01/08,,
770,5382781101407,2,en preparation,,,,
771,8542431889226,2,panier,,,,
771,3197566714553,2,panier,,,,
772,7820035963572,1,panier,,,,
773,6050285139312,1,panier,,,,
773,1590783628366,2,panier,,,,
774,0720610923456,1,panier,,,,
774,9511097814219,1,panier,,,,
775,3213578682180,1,panier,,,,
776,8677050883314,1,retourne,,2012/08/23,2012/09/17,2012/12/09
778,4042350014941,1,panier,,,,
779,9132788063786,2,retourne,,2015/04/20,2015/05/09,2015/05/11
779,6030436795069,1,en preparation,,,,
782,3685067713087,1,panier,,,,
783,7820035963572,2,panier,,,,
783,4785727207665,1,panier,,,,
784,6143259988515,2,en preparation,,,,
784,1272773351626,2,retourne,,2011/11/15,2011/11/28,2011/12/15
787,6211186722561,1,expedie,,2016/12/13,,
787,2695869957025,2,en attente,2016/12/16,,,
788,2492693776728,2,panier,,,,
789,4007159231381,2,panier,,,,
790,2315065067246,2,panier,,,,
791,7124306951211,1,annule,,,,
791,4935931986270,2,en attente,2012/12/05,,,
795,3871451269614,1,panier,,,,
795,7262783233232,1,panier,,,,
796,7513538835073,2,panier,,,,
797,7851762906627,2,panier,,,,
797,4291208025710,2,panier,,,,
798,7428436088790,1,panier,,,,
800,1563636240323,2,en preparation,,,,
800,1939884746458,2,annule,,,,
802,7262783233232,2,livre,,2014/04/22,2014/05/02,
802,3367915176844,2,livre,,2014/04/19,2014/04/30,
803,6629573602865,1,livre,,2017/07/07,2017/08/04,
804,3576524856284,1,en preparation,,,,
806,4874110170057,2,panier,,,,
806,2408254716406,2,panier,,,,
807,1984801414813,1,retourne,,2012/06/11,2012/07/05,2012/09/25
808,3160384984181,1,panier,,,,
809,8940322597306,2,retourne,,2016/12/12,2017/01/05,2017/01/15
809,4951557159157,1,expedie,,2016/12/17,,
811,0547807585435,1,panier,,,,
811,4877379163465,1,panier,,,,
812,9376899752357,2,panier,,,,
812,1563636240323,2,panier,,,,
814,9440950944127,2,retourne,,2017/09/05,2017/09/12,2017/11/30
815,8986655944298,2,panier,,,,
816,1672820642889,2,panier,,,,
817,8518027056941,2,panier,,,,
817,3871451269614,2,panier,,,,
818,0634009374813,2,retourne,,2021/01/25,2021/02/10,2021/03/24
821,6854581439829,2,en attente,2020/10/19,,,
822,8291608910874,1,panier,,,,
824,1473746403676,1,retourne,,2018/12/12,2018/12/20,2019/01/02
824,7596614841228,1,livre,,2018/12/09,2018/12/29,
826,8745268848879,2,panier,,,,
826,8986655944298,2,panier,,,,
827,0372215446125,2,panier,,,,
828,4951557159157,2,panier,,,,
830,0638326482567,2,annule,,,,
830,7312641474599,2,en preparation,,,,
831,1272773351626,2,annule,,,,
832,3561416058648,2,panier,,,,
832,4131982598913,2,panier,,,,
833,5702558994977,1,livre,,2014/05/11,2014/05/20,
835,5169972664619,1,panier,,,,
836,9963125172479,1,panier,,,,
836,2426638351351,2,panier,,,,
838,2592577437557,2,panier,,,,
840,7228015929947,1,expedie,,2020/07/23,,
840,4457199003843,1,en attente,2020/07/28,,,
843,5322133827120,2,annule,,,,
844,8360352730755,2,en attente,2014/08/25,,,
844,8511960660085,1,livre,,2014/08/12,2014/08/26,
846,5911450660484,1,panier,,,,
847,1716621592733,1,panier,,,,
847,9584378614075,1,panier,,,,
848,7795009073624,1,panier,,,,
848,4387486987861,2,panier,,,,
850,8518027056941,2,panier,,,,
850,0282896375649,2,panier,,,,
851,0747078103606,1,livre,,2011/07/19,2011/08/13,
853,5382781101407,1,panier,,,,
853,0901225361808,1,panier,,,,
857,5181011021848,2,retourne,,2011/03/04,2011/03/12,2011/05/12
857,3197566714553,2,annule,,,,
859,7723453371627,2,panier,,,,
859,4043378572485,1,panier,,,,
860,2337914434734,1,panier,,,,
863,1322080579351,1,panier,,,,
863,8930841327116,1,panier,,,,
864,7373324676287,2,panier,,,,
864,0898774739792,2,panier,,,,
865,1939884746458,2,panier,,,,
865,2485153264054,2,panier,,,,
866,1563636240323,2,panier,,,,
866,5088893630645,1,panier,,,,
870,3685067713087,2,panier,,,,
872,1630783259370,2,panier,,,,
872,2384345373903,2,panier,,,,
873,6931956306262,1,annule,,,,
874,0372215446125,1,livre,,2014/08/12,2014/08/25,
874,0258622409205,1,retourne,,2014/08/13,2014/08/15,2014/10/30
875,2456891634512,1,retourne,,2019/08/22,2019/09/05,2019/09/14
875,9762314776500,2,retourne,,2019/08/22,2019/08/24,2019/08/31
877,3561416058648,1,annule,,,,
877,0372215446125,1,livre,,2017/05/05,2017/05/22,
878,5322133827120,2,panier,,,,
878,4951557159157,1,panier,,,,
881,8236990732018,2,expedie,,2016/02/22,,
882,0478417968727,2,panier,,,,
883,3294385251625,2,en preparation,,,,
883,0100432715711,2,livre,,2011/11/30,2011/12/25,
885,2337914434734,1,panier,,,,
886,7102165002748,2,panier,,,,
889,3542465922160,2,panier,,,,
891,3685067713087,1,panier,,,,
893,7115810959953,1,panier,,,,
893,2955402388638,2,panier,,,,
894,7124306951211,1,annule,,,,
897,4457199003843,1,panier,,,,
897,1410689195428,1,panier,,,,
898,3160384984181,1,panier,,,,
898,2120695874989,1,panier,,,,
901,3174649273499,1,panier,,,,
902,4435301411551,2,panier,,,,
902,2266321025197,2,panier,,,,
906,2315065067246,2,annule,,,,
907,1410689195428,1,panier,,,,
909,8551761400367,2,panier,,,,
910,4572826260518,2,panier,,,,
911,2978294739534,2,panier,,,,
912,9684927804246,1,en preparation,,,,
912,3154168774193,1,annule,,,,
913,3978457605407,1,annule,,,,
918,2924873216847,2,expedie,,2011/11/02,,
918,7820035963572,2,expedie,,2011/11/02,,
919,9223138576904,2,panier,,,,
919,4613583205378,2,panier,,,,
920,8510782986282,2,en preparation,,,,
920,2492693776728,2,annule,,,,
921,3367915176844,2,en attente,2019/06/05,,,
921,6005551155002,1,en attente,2019/06/12,,,
922,1563636240323,1,livre,,2016/03/14,2016/04/12,
925,3367915176844,2,expedie,,2019/07/10,,
925,7978181395478,2,en attente,2019/07/18,,,
926,7428436088790,2,panier,,,,
927,1672820642889,1,panier,,,,
927,5162571711106,1,panier,,,,
929,9422732820979,1,panier,,,,
929,0704618168784,1,panier,,,,
930,3197566714553,1,retourne,,2016/03/18,2016/04/13,2016/04/27
932,0100432715711,2,expedie,,2020/01/13,,
933,5076794691909,1,livre,,2016/05/24,2016/05/29,
933,9961135995185,2,livre,,2016/05/16,2016/06/03,
934,3079729676910,1,panier,,,,
934,0807914388956,2,panier,,,,
935,2261273890766,1,panier,,,,
935,9479982198216,1,panier,,,,
936,5088893630645,2,panier,,,,
937,2107031077818,1,panier,,,,
937,0547807585435,1,panier,,,,
939,8236990732018,2,panier,,,,
940,9326048477793,1,retourne,,2017/01/04,2017/01/12,2017/03/31
940,8596293118945,2,annule,,,,
941,4749269355688,1,en attente,2017/05/06,,,
941,6163413701326,1,en attente,2017/05/06,,,
942,8236990732018,2,panier,,,,
942,5181011021848,1,panier,,,,
944,2592577437557,1,panier,,,,
944,4053775443725,1,panier,,,,
946,4261183273738,2,panier,,,,
947,9274520377953,2,en attente,2017/04/26,,,
947,2426638351351,1,expedie,,2017/05/05,,
948,4524036602112,2,en preparation,,,,
949,3472861371151,1,livre,,2011/07/19,2011/07/25,
949,9911978025186,1,retourne,,2011/07/19,2011/07/22,2011/08/28
950,0720610923456,1,annule,,,,
951,4032234410895,1,panier,,,,
952,4785727207665,1,en attente,2018/05/07,,,
953,2456891634512,1,livre,,2017/12/15,2017/12/19,
954,0704618168784,2,panier,,,,
955,4572107878314,2,panier,,,,
955,9511097814219,1,panier,,,,
956,6163413701326,1,en preparation,,,,
957,0566300833307,2,panier,,,,
958,2384345373903,1,panier,,,,
958,1566337649293,2,panier,,,,
959,9185624733751,1,retourne,,2016/04/06,2016/04/24,2016/07/18
959,2408254716406,1,expedie,,2016/04/03,,
960,0638326482567,2,en attente,2019/12/08,,,
960,3294385251625,2,expedie,,2019/11/16,,
961,1812518721427,1,panier,,,,
962,3197566714553,2,panier,,,,
962,7033186501040,1,panier,,,,
963,0634009374813,2,panier,,,,
965,3160384984181,1,panier,,,,
965,0720610923456,2,panier,,,,
967,7373324676287,1,panier,,,,
967,4430955617515,2,panier,,,,
968,1322080579351,1,panier,,,,
969,4387486987861,1,panier,,,,
970,0217457615175,2,panier,,,,
971,0720610923456,1,panier,,,,
973,5382781101407,1,panier,,,,
973,4076035584114,1,panier,,,,
974,4613583205378,1,en attente,2010/01/29,,,
975,1257135085467,1,panier,,,,
976,6005551155002,1,panier,,,,
976,0717976425719,2,panier,,,,
977,7740898506994,2,panier,,,,
977,4148803955882,1,panier,,,,
978,9185624733751,2,panier,,,,
978,6931956306262,2,panier,,,,
979,9762314776500,2,retourne,,2016/04/05,2016/05/04,2016/06/20
979,5165628787476,2,en preparation,,,,
981,2695869957025,2,panier,,,,
982,0566300833307,1,panier,,,,
982,4088332900477,1,panier,,,,
983,4712354058051,1,annule,,,,
983,9960877171612,2,en attente,2012/01/22,,,
985,8943027987812,1,livre,,2010/11/30,2010/12/24,
985,0282896375649,2,en attente,2010/12/04,,,
986,6354207426361,1,panier,,,,
988,4927028854674,1,panier,,,,
988,3174649273499,1,panier,,,,
989,0901225361808,1,panier,,,,
992,4131982598913,1,en preparation,,,,
992,2134396367979,1,retourne,,2010/02/01,2010/02/05,2010/05/05
993,0566300833307,2,panier,,,,
993,1672820642889,1,panier,,,,
994,2560532370545,2,expedie,,2011/12/04,,
994,0747078103606,2,annule,,,,
995,0989721573616,2,panier,,,,
996,6211186722561,2,annule,,,,
996,0130868652968,2,annule,,,,
998,1272773351626,2,expedie,,2020/10/13,,
999,9526224724203,1,en preparation,,,,
999,0422778651974,2,en attente,2021/04/10,,,
1000,3410088877619,1,retourne,,2020/11/09,2020/11/13,2020/12/24
1000,9041078944926,2,retourne,,2020/11/07,2020/11/10,2021/01/17
1002,5712598679612,2,en attente,2014/10/12,,,
1002,2315065067246,1,livre,,2014/10/03,2014/10/10,
1004,4380102591337,1,panier,,,,
1004,3472861371151,2,panier,,,,
1006,4757605794880,2,panier,,,,
1006,9963125172479,2,panier,,,,
1007,3294385251625,1,livre,,2012/06/18,2012/06/29,
1009,4572107878314,2,panier,,,,
1010,0100432715711,1,panier,,,,
1010,2924873216847,1,panier,,,,
1012,0100432715711,2,panier,,,,
1012,2873618203477,1,panier,,,,
1014,3367915176844,1,panier,,,,
1015,4148803955882,2,panier,,,,
1015,0566300833307,1,panier,,,,
1018,5382781101407,1,panier,,,,
1018,4148803955882,1,panier,,,,
1019,9041078944926,1,panier,,,,
1021,2491891652509,2,panier,,,,
1021,0973414162793,1,panier,,,,
1022,0634009374813,2,panier,,,,
1023,2261273890766,2,panier,,,,
1023,8360352730755,1,panier,,,,
1025,8360352730755,1,panier,,,,
1025,4757605794880,1,panier,,,,
1026,4749269355688,1,panier,,,,
1026,9583425821531,1,panier,,,,
1027,2337914434734,2,panier,,,,
1029,9422732820979,1,panier,,,,
1029,9422878199017,1,panier,,,,
1030,5162571711106,2,retourne,,2017/09/09,2017/09/25,2017/09/29
1030,8940322597306,1,en attente,2017/09/28,,,
1031,4951557159157,2,panier,,,,
1031,2695869957025,1,panier,,,,
1032,4032234410895,1,panier,,,,
1033,0704618168784,1,en preparation,,,,
1034,1563636240323,2,panier,,,,
1036,3853366626119,2,en preparation,,,,
1036,3474808534262,1,retourne,,2010/02/02,2010/02/05,2010/03/19
1037,4076035584114,1,expedie,,2021/05/06,,
1037,0100432715711,2,livre,,2021/05/03,2021/05/24,
1038,3576524856284,2,panier,,,,
1038,3975642785288,1,panier,,,,
1039,3576524856284,2,panier,,,,
1039,3197566714553,2,panier,,,,
1040,6931956306262,1,expedie,,2011/10/01,,
1041,4261183273738,2,expedie,,2019/07/21,,
1042,1473746403676,1,panier,,,,
1043,9963125172479,2,panier,,,,
1044,7312641474599,2,en preparation,,,,
1044,6371476432593,1,expedie,,2017/07/14,,
1045,9963125172479,1,panier,,,,
1045,2144258747867,2,panier,,,,
1046,1360651387296,2,panier,,,,
1047,7968464147672,1,retourne,,2011/11/27,2011/12/19,2012/02/25
1049,8291608910874,1,panier,,,,
1051,1322080579351,2,panier,,,,
1051,4200019852356,1,panier,,,,
1052,0634009374813,1,en attente,2016/06/28,,,
1052,8518027056941,2,retourne,,2016/07/03,2016/07/09,2016/07/20
1053,5322133827120,1,expedie,,2018/08/22,,
1054,9376899752357,2,livre,,2019/12/25,2020/01/19,
1054,7124306951211,1,en preparation,,,,
1056,5169972664619,2,livre,,2016/06/27,2016/07/10,
1056,3174649273499,1,expedie,,2016/06/29,,
1057,0282896375649,2,panier,,,,
1059,2427218921938,1,retourne,,2013/02/26,2013/03/05,2013/04/18
1059,6931956306262,2,en attente,2013/03/18,,,
1061,8986655944298,2,panier,,,,
1063,1590783628366,1,panier,,,,
1064,2592577437557,1,panier,,,,
1064,1410689195428,2,panier,,,,
1065,6371476432593,1,expedie,,2013/09/17,,
1066,8437852232670,1,annule,,,,
1066,0747078103606,1,retourne,,2012/05/31,2012/06/27,2012/08/24
1067,6369447375674,2,panier,,,,
1069,8511960660085,2,livre,,2016/01/17,2016/01/17,
1070,1410689195428,1,annule,,,,
1070,2955402388638,2,expedie,,2019/10/27,,
1071,1968523264994,2,panier,,,,
1072,5510470487040,1,livre,,2018/09/20,2018/10/06,
1072,7513538835073,2,en attente,2018/10/14,,,
1073,8423251785018,1,expedie,,2017/04/27,,
1073,8291608910874,2,annule,,,,
1075,5088893630645,2,panier,,,,
1076,9597720419838,2,panier,,,,
1076,8464413909707,1,panier,,,,
1077,2144258747867,1,panier,,,,
1077,2120695874989,1,panier,,,,
1079,8259241182474,2,panier,,,,
1079,3160384984181,2,panier,,,,
1080,6147691556100,1,retourne,,2017/10/06,2017/11/01,2018/01/26
1081,3079729676910,1,panier,,,,
1081,0634009374813,2,panier,,,,
1082,7115810959953,1,en preparation,,,,
1082,7102165002748,2,retourne,,2011/08/06,2011/08/21,2011/11/17
1084,8166462839478,1,retourne,,2017/01/18,2017/01/21,2017/02/10
1084,9960877171612,2,en attente,2017/01/31,,,
1085,6384058192362,1,panier,,,,
1085,8360352730755,2,panier,,,,
1087,8582397851623,1,panier,,,,
1087,4430955617515,2,panier,,,,
1088,6894971072849,2,panier,,,,
1089,2581086282561,2,en preparation,,,,
1089,5076794691909,1,retourne,,2020/08/23,2020/09/10,2020/11/17
1091,5165628787476,2,expedie,,2019/07/11,,
1091,8745268848879,2,expedie,,2019/07/05,,
1092,2427218921938,1,retourne,,2015/01/06,2015/01/26,2015/03/23
1093,8437852232670,1,livre,,2020/12/03,2020/12/21,
1094,0130868652968,1,panier,,,,
1094,5836922729204,2,panier,,,,
1095,1812518721427,1,panier,,,,
1095,9961135995185,1,panier,,,,
1096,5398453274883,2,en attente,2018/01/29,,,
1097,0704618168784,1,panier,,,,
1098,1939884746458,1,panier,,,,
1098,8745268848879,2,panier,,,,
1100,7061566057224,1,panier,,,,
1100,0717976425719,1,panier,,,,
1101,2120695874989,2,en attente,2010/12/21,,,
1102,4032234410895,1,panier,,,,
1102,2025686180845,2,panier,,,,
1103,5648612192153,1,panier,,,,
1104,0130868652968,2,panier,,,,
1104,3292525878379,1,panier,,,,
1105,9961135995185,1,panier,,,,
1105,1142910317998,1,panier,,,,
1106,5746636435197,2,expedie,,2016/01/17,,
1107,6934717366965,1,panier,,,,
1108,3079729676910,2,livre,,2011/02/19,2011/02/22,
1108,0845903211797,1,expedie,,2011/02/20,,
1109,7795009073624,1,en attente,2018/03/21,,,
1109,9628764486462,2,en attente,2018/03/31,,,
1110,8511960660085,1,panier,,,,
1111,7513538835073,1,annule,,,,
1113,4053775443725,2,en preparation,,,,
1115,8423251785018,1,panier,,,,
1115,7968464147672,2,panier,,,,
1116,9911978025186,2,en preparation,,,,
1116,1125953297238,1,retourne,,2015/04/28,2015/05/15,2015/07/25
1117,2426638351351,1,panier,,,,
1117,6384058192362,2,panier,,,,
1118,9302448195239,2,livre,,2010/08/06,2010/08/20,
1118,0717976425719,1,en attente,2010/08/07,,,
1119,8423251785018,2,panier,,,,
1119,3542465922160,1,panier,,,,
1121,4936361188092,2,en preparation,,,,
1122,8291608910874,2,annule,,,,
1123,1968523264994,1,panier,,,,
1123,8632231797805,1,panier,,,,
1124,1160700630436,2,expedie,,2019/05/11,,
1125,3690596459377,2,panier,,,,
1125,4367974881370,2,panier,,,,
1128,8511960660085,2,panier,,,,
1128,5712598679612,1,panier,,,,
1129,9326048477793,1,retourne,,2017/12/11,2017/12/22,2018/02/21
1129,7033186501040,1,en preparation,,,,
1130,9132788063786,2,panier,,,,
1130,8510782986282,1,panier,,,,
1131,4208067300059,2,panier,,,,
1134,6689783780795,2,panier,,,,
1134,3576524856284,1,panier,,,,
1137,3561416058648,2,panier,,,,
1139,9526224724203,1,panier,,,,
1141,8542431889226,2,panier,,,,
1141,4053775443725,1,panier,,,,
1142,7428436088790,2,en attente,2020/05/10,,,
1142,3115255453964,1,en preparation,,,,
1143,9041078944926,2,retourne,,2015/04/19,2015/04/21,2015/05/01
1145,2706596338897,1,livre,,2015/12/17,2016/01/03,
1145,4053775443725,2,en preparation,,,,
1146,4007159231381,2,panier,,,,
1146,9132788063786,1,panier,,,,
1147,1257135085467,1,panier,,,,
1148,6046840620862,1,panier,,,,
1149,2261273890766,2,en preparation,,,,
1150,0258622409205,1,panier,,,,
1151,4380102591337,2,panier,,,,
1151,7904280969649,2,panier,,,,
1153,0688270396049,1,panier,,,,
1153,1563636240323,1,panier,,,,
1155,4415726914223,1,panier,,,,
1155,0100432715711,1,panier,,,,
1156,8510782986282,1,panier,,,,
1157,1590783628366,2,panier,,,,
1157,6143259988515,2,panier,,,,
1158,0478417968727,1,panier,,,,
1158,6050285139312,2,panier,,,,
1159,0638326482567,2,annule,,,,
1162,2924873216847,2,panier,,,,
1163,7124306951211,2,en preparation,,,,
1163,2337914434734,1,retourne,,2015/08/07,2015/08/22,2015/11/13
1166,6046840620862,2,panier,,,,
1167,3576524856284,1,livre,,2019/06/09,2019/06/18,
1167,8940322597306,2,annule,,,,
1169,8582397851623,2,en attente,2016/06/30,,,
1170,3978457605407,2,panier,,,,
1170,9946544666473,1,panier,,,,
1171,1342330687704,1,livre,,2021/01/01,2021/01/03,
1171,9922456689748,2,retourne,,2021/01/02,2021/01/07,2021/04/02
1172,1322080579351,2,panier,,,,
1172,3576524856284,2,panier,,,,
1173,4613583205378,2,panier,,,,
1173,3472861371151,1,panier,,,,
1175,9156392766633,1,panier,,,,
1175,0898774739792,2,panier,,,,
1176,4042350014941,2,en preparation,,,,
1176,6143259988515,2,livre,,2011/01/29,2011/01/31,
1177,9041078944926,1,panier,,,,
1179,8596293118945,1,panier,,,,
1179,9132788063786,1,panier,,,,
1182,3079729676910,1,panier,,,,
1183,8423251785018,1,panier,,,,
1183,4007159231381,2,panier,,,,
1185,4032234410895,1,expedie,,2010/12/29,,
1185,2315065067246,2,annule,,,,
1188,1179918040978,1,annule,,,,
1188,1566337649293,1,retourne,,2013/12/15,2014/01/08,2014/01/27
1189,7904280969649,1,expedie,,2014/11/09,,
1189,0069051140860,2,annule,,,,
1191,2384345373903,2,panier,,,,
1191,8551761400367,1,panier,,,,
1193,9156392766633,2,expedie,,2013/01/03,,
1194,8291608910874,1,panier,,,,
1195,2581086282561,1,en attente,2013/08/16,,,
1195,0258622409205,2,annule,,,,
1196,2695869957025,1,livre,,2012/08/21,2012/08/21,
1196,7795009073624,2,annule,,,,
1199,0747078103606,1,panier,,,,
1199,2025686180845,1,panier,,,,
1200,7061566057224,2,panier,,,,
1200,4909960293060,1,panier,,,,
1201,4435301411551,2,panier,,,,
1201,4779897782409,2,panier,,,,
1202,4088332900477,1,panier,,,,
1203,8264288756415,1,livre,,2020/01/18,2020/02/06,
1204,4999366121034,2,panier,,,,
1205,8259241182474,1,panier,,,,
1207,4088332900477,2,panier,,,,
1208,5712598679612,1,en attente,2015/01/08,,,
1209,5712598679612,1,panier,,,,
1211,9440950944127,1,retourne,,2021/04/05,2021/05/01,2021/05/20
1211,1939884746458,1,livre,,2021/04/04,2021/04/16,
1213,5702558994977,1,panier,,,,
1213,9690128862016,2,panier,,,,
1214,3060797759875,2,annule,,,,
1214,9684927804246,2,retourne,,2012/10/07,2012/10/19,2012/12/01
1215,5076794691909,2,panier,,,,
1216,4785727207665,2,panier,,,,
1217,6934717366965,1,expedie,,2012/11/29,,
1217,4457199003843,2,en preparation,,,,
1218,6354207426361,1,panier,,,,
1219,9946544666473,1,retourne,,2013/08/09,2013/09/02,2013/10/25
1219,8423251785018,1,retourne,,2013/08/08,2013/08/22,2013/09/07
1220,4430955617515,1,livre,,2014/12/05,2014/12/31,
1221,9922456689748,2,retourne,,2014/11/21,2014/11/26,2015/02/18
1221,5712598679612,2,en preparation,,,,
1223,2485153264054,1,panier,,,,
1223,4043378572485,1,panier,,,,
1226,6629573602865,1,panier,,,,
1228,4088332900477,1,panier,,,,
1229,2382026236439,1,panier,,,,
1231,4877379163465,2,livre,,2012/06/24,2012/07/02,
1231,9346036732930,1,expedie,,2012/06/23,,
1233,0898774739792,1,en preparation,,,,
1234,4712354058051,1,annule,,,,
1235,2924873216847,1,panier,,,,
1235,4438681803429,2,panier,,,,
1236,4367974881370,1,panier,,,,
1236,7089971494964,1,panier,,,,
1239,7373324676287,1,panier,,,,
1240,2144258747867,1,en preparation,,,,
1241,4184266743456,2,retourne,,2016/11/06,2016/11/06,2016/12/28
1242,8464413909707,1,panier,,,,
1243,4043378572485,2,panier,,,,
1243,2491891652509,2,panier,,,,
1245,1968523264994,2,panier,,,,
1245,3613330728879,1,panier,,,,
1246,3547970334288,2,livre,,2014/04/17,2014/04/26,
1250,4415726914223,1,livre,,2015/09/02,2015/09/18,
1251,4927028854674,1,annule,,,,
1252,0973414162793,1,en attente,2014/02/25,,,
1252,0452447068288,2,retourne,,2014/02/02,2014/03/02,2014/04/30
1253,1812518721427,1,panier,,,,
1253,8596293118945,1,panier,,,,
1254,2025686180845,1,panier,,,,
1254,0452447068288,2,panier,,,,
1255,3196378866338,1,annule,,,,
1255,8551761400367,2,livre,,2014/07/14,2014/08/06,
1257,6163413701326,2,retourne,,2011/05/16,2011/06/09,2011/08/02
1258,4438681803429,1,panier,,,,
1258,8464413909707,2,panier,,,,
1263,1160700630436,2,panier,,,,
1265,8166462839478,2,en preparation,,,,
1267,4435301411551,1,en preparation,,,,
1267,0901225361808,2,en preparation,,,,
1268,2427218921938,1,panier,,,,
1269,5088893630645,2,panier,,,,
1269,1342330687704,2,panier,,,,
1270,1400980616064,2,panier,,,,
1271,0217457615175,2,panier,,,,
1273,4572826260518,2,expedie,,2014/09/26,,
1273,7124306951211,1,en attente,2014/10/06,,,
1274,6005551155002,1,panier,,,,
1275,1716621592733,2,panier,,,,
1275,7228015929947,1,panier,,,,
1276,0898774739792,2,en preparation,,,,
1276,2592577437557,1,en attente,2014/10/15,,,
1277,0566300833307,2,expedie,,2013/06/07,,
1277,5911450660484,2,retourne,,2013/06/08,2013/07/02,2013/08/16
1278,8940322597306,1,expedie,,2019/12/24,,
1278,4380102591337,1,livre,,2019/12/26,2020/01/06,
1279,7596614841228,1,panier,,,,
1282,2485153264054,1,panier,,,,
1283,7033186501040,1,retourne,,2017/09/09,2017/09/30,2017/12/01
1284,0634009374813,2,en preparation,,,,
1285,0688270396049,2,en preparation,,,,
1287,0547807585435,1,panier,,,,
1288,9135910424821,2,en attente,2016/05/29,,,
1288,3321410549530,1,annule,,,,
1289,2695869957025,1,panier,,,,
1289,1030811124519,1,panier,,,,
1291,4007159231381,2,expedie,,2014/05/30,,
1291,7061566057224,1,livre,,2014/05/29,2014/06/06,
1293,5746636435197,1,panier,,,,
1293,3154168774193,2,panier,,,,
1294,4184266743456,1,panier,,,,
1295,4572107878314,1,retourne,,2016/05/14,2016/05/19,2016/05/22
1296,1179918040978,1,panier,,,,
1297,9945461932044,1,panier,,,,
1297,4261183273738,2,panier,,,,
1298,5712598679612,1,livre,,2019/04/10,2019/04/12,
1299,5398453274883,2,panier,,,,
1303,0551227418389,2,panier,,,,
1303,8264288756415,2,panier,,,,
1304,3367915176844,2,expedie,,2018/09/24,,
1305,4367974881370,1,en preparation,,,,
1305,9584378614075,1,livre,,2010/02/12,2010/02/23,
1307,0989721573616,2,panier,,,,
1307,8551761400367,2,panier,,,,
1308,7309499375645,1,panier,,,,
1308,9440950944127,1,panier,,,,
1309,7102165002748,2,livre,,2016/08/02,2016/08/31,
1309,1984801414813,2,en attente,2016/08/06,,,
1312,9156392766633,1,expedie,,2014/05/06,,
1315,6163413701326,1,annule,,,,
1315,7061566057224,1,en attente,2013/06/28,,,
1318,7723453371627,1,panier,,,,
1319,4613583205378,1,retourne,,2013/09/08,2013/09/27,2013/09/28
1319,8745268848879,1,livre,,2013/09/11,2013/09/11,
1320,4367974881370,1,panier,,,,
1320,5223114922196,1,panier,,,,
1322,3871451269614,2,annule,,,,
1323,1142910317998,1,panier,,,,
1324,3196378866338,1,panier,,,,
1324,7102165002748,2,panier,,,,
1326,0069051140860,1,panier,,,,
1327,0845903211797,1,panier,,,,
1328,7102165002748,2,panier,,,,
1328,4548147921217,1,panier,,,,
1330,7115810959953,1,panier,,,,
1330,2134396367979,2,panier,,,,
1331,8291608910874,2,en attente,2015/12/27,,,
1332,9185624733751,1,panier,,,,
1333,7513538835073,1,panier,,,,
1333,2408254716406,1,panier,,,,
1334,6354207426361,2,en attente,2018/12/24,,,
1334,9597720419838,1,retourne,,2018/12/18,2018/12/29,2019/02/04
1335,1410689195428,1,retourne,,2016/10/17,2016/10/27,2016/11/15
1335,5162571711106,2,annule,,,,
1336,9762314776500,2,panier,,,,
1336,2891879081888,1,panier,,,,
1338,6371476432593,2,en attente,2013/10/05,,,
1338,1672820642889,1,annule,,,,
1340,9156392766633,1,panier,,,,
1341,8510782986282,1,panier,,,,
1342,3410088877619,1,retourne,,2017/10/02,2017/10/23,2017/12/10
1342,2337914434734,1,livre,,2017/10/06,2017/10/21,
1344,2560532370545,2,en attente,2018/06/10,,,
1344,4032234410895,2,en attente,2018/06/23,,,
1345,8940322597306,1,expedie,,2015/10/27,,
1347,9526224724203,1,annule,,,,
1348,5712598679612,1,panier,,,,
1349,3079729676910,1,panier,,,,
1350,0898774739792,2,panier,,,,
1352,4076035584114,1,panier,,,,
1352,6894971072849,1,panier,,,,
1353,7309499375645,1,livre,,2010/01/27,2010/02/04,
1353,0777574964718,2,retourne,,2010/01/26,2010/01/28,2010/04/12
1354,5712598679612,2,panier,,,,
1354,4548147921217,2,panier,,,,
1356,3213578682180,1,panier,,,,
1358,2695869957025,1,panier,,,,
1359,3160384984181,1,expedie,,2014/04/24,,
1361,5510470487040,2,livre,,2017/07/02,2017/07/16,
1361,1566337649293,1,annule,,,,
1364,8437852232670,1,livre,,2015/03/21,2015/03/31,
1365,1160700630436,1,retourne,,2018/07/20,2018/08/11,2018/10/12
1365,5165628787476,2,retourne,,2018/07/18,2018/07/28,2018/08/02
1366,1473746403676,1,en attente,2018/09/13,,,
1367,4042350014941,1,panier,,,,
1367,1630783259370,2,panier,,,,
1368,5181011021848,1,panier,,,,
1372,8259241182474,2,expedie,,2019/11/02,,
1372,1142910317998,2,expedie,,2019/11/05,,
1375,8127152136637,2,annule,,,,
1375,5382781101407,1,retourne,,2018/08/02,2018/08/09,2018/08/31
1376,3474808534262,1,annule,,,,
1377,4909960293060,2,panier,,,,
1377,4548147921217,2,panier,,,,
1378,4148803955882,1,retourne,,2021/03/27,2021/04/25,2021/07/10
1380,4999366121034,1,panier,,,,
1381,2486757908437,2,retourne,,2020/10/11,2020/10/31,2020/11/06
1382,4435301411551,1,panier,,,,
1383,5911450660484,1,annule,,,,
1385,9346036732930,1,retourne,,2018/11/17,2018/11/19,2018/11/27
1385,8264288756415,2,en preparation,,,,
1387,4779897782409,2,panier,,,,
1387,7089971494964,1,panier,,,,
1388,4457199003843,2,annule,,,,
1388,9422878199017,2,livre,,2021/01/24,2021/01/31,
1392,3196378866338,2,panier,,,,
1392,2144258747867,1,panier,,,,
1394,7089971494964,2,retourne,,2015/07/30,2015/08/25,2015/11/12
1394,7304010999201,2,annule,,,,
1395,7851762906627,2,panier,,,,
1395,0217457615175,2,panier,,,,
1398,4572826260518,2,annule,,,,
1399,0130868652968,1,panier,,,,
1400,5398453274883,1,panier,,,,
1401,4572826260518,1,expedie,,2017/05/22,,
1401,2426638351351,1,livre,,2017/05/16,2017/06/11,
1402,0422778651974,2,en preparation,,,,
1403,7124306951211,1,livre,,2011/10/30,2011/11/28,
1406,2492693776728,1,panier,,,,
1408,0258622409205,1,en preparation,,,,
1408,4927028854674,2,en attente,2013/12/15,,,
1409,0478417968727,2,panier,,,,
1412,2261273890766,1,panier,,,,
1412,2486757908437,1,panier,,,,
1414,8745268848879,2,panier,,,,
1415,4007159231381,1,panier,,,,
1415,9922456689748,2,panier,,,,
1416,2337914434734,2,retourne,,2017/03/08,2017/04/01,2017/06/09
1416,2955402388638,2,livre,,2017/03/13,2017/04/11,
1417,7373324676287,2,panier,,,,
1418,1125953297238,1,panier,,,,
1420,0720610923456,2,expedie,,2013/12/22,,
1420,5076794691909,1,annule,,,,
1421,7102165002748,1,livre,,2016/12/30,2016/12/31,
1422,3690596459377,1,retourne,,2017/04/22,2017/04/24,2017/06/15
1422,0973414162793,1,expedie,,2017/04/29,,
1429,5398453274883,2,annule,,,,
1429,1701688690612,1,retourne,,2017/04/13,2017/04/22,2017/06/03
1431,9346036732930,1,retourne,,2012/05/05,2012/05/31,2012/06/02
1432,7428436088790,1,panier,,,,
1433,1701688690612,2,panier,,,,
1433,4935931986270,1,panier,,,,
1434,7743400409259,2,en attente,2019/07/21,,,
1434,4936361188092,2,annule,,,,
1436,4435301411551,1,panier,,,,
1437,6934717366965,1,panier,,,,
1437,6931956306262,2,panier,,,,
1438,7373324676287,1,panier,,,,
1439,4261183273738,1,panier,,,,
1440,5836922729204,1,panier,,,,
1444,8464413909707,2,livre,,2016/08/13,2016/08/18,
1445,4043378572485,2,panier,,,,
1445,4524036602112,1,panier,,,,
1446,1939884746458,1,panier,,,,
1446,1019152186286,1,panier,,,,
1447,0794695236145,1,livre,,2014/10/06,2014/10/17,
1447,7033186501040,1,en attente,2014/10/26,,,
1453,4208067300059,1,panier,,,,
1454,5165628787476,1,livre,,2020/07/22,2020/08/07,
1454,1142910317998,2,annule,,,,
1457,4415726914223,2,expedie,,2011/10/30,,
1458,7124306951211,2,livre,,2019/01/16,2019/02/14,
1459,2266321025197,2,panier,,,,
1460,1984801414813,1,panier,,,,
1460,3154168774193,2,panier,,,,
1461,9946544666473,2,annule,,,,
1462,1410689195428,2,retourne,,2014/12/19,2014/12/21,2015/03/11
1463,4749269355688,1,panier,,,,
1463,8264288756415,2,panier,,,,
1466,3321410549530,1,panier,,,,
1466,6050285139312,1,panier,,,,
1467,1257135085467,2,panier,,,,
1469,6005551155002,2,en preparation,,,,
1469,8551761400367,2,annule,,,,
1470,3115255453964,2,panier,,,,
1470,5165628787476,2,panier,,,,
1471,3367915176844,1,annule,,,,
1472,0717976425719,1,livre,,2020/07/15,2020/08/12,
1476,2486757908437,1,livre,,2012/02/02,2012/03/01,
1476,0989721573616,1,annule,,,,
1478,1160700630436,1,expedie,,2011/10/17,,
1478,4430955617515,2,retourne,,2011/10/17,2011/11/08,2012/01/25
1479,9526224724203,1,en attente,2019/07/07,,,
1480,0717976425719,1,livre,,2012/08/26,2012/08/27,
1481,8259241182474,2,livre,,2019/01/23,2019/02/04,
1482,7228015929947,2,en attente,2012/02/11,,,
1482,4380102591337,1,retourne,,2012/02/05,2012/02/12,2012/04/03
1483,5712598679612,1,panier,,,,
1483,5911450660484,2,panier,,,,
1484,7795009073624,1,en preparation,,,,
1484,3057391180378,2,en attente,2021/04/06,,,
1485,6934717366965,2,panier,,,,
1486,0343399571264,1,panier,,,,
1486,1030811124519,2,panier,,,,
1488,2955402388638,1,retourne,,2010/05/27,2010/06/06,2010/06/12
1488,6854581439829,1,expedie,,2010/05/24,,
1489,5382781101407,1,en preparation,,,,
1489,3613330728879,1,en attente,2010/05/15,,,
1491,6689783780795,2,panier,,,,
1491,4524036602112,1,panier,,,,
1492,9922456689748,2,panier,,,,
1493,3690596459377,2,panier,,,,
1495,7304010999201,2,panier,,,,
1495,1782856108531,1,panier,,,,
1501,8511960660085,1,livre,,2011/02/23,2011/03/15,
1501,7428436088790,2,livre,,2011/03/03,2011/03/16,
1502,6005551155002,2,panier,,,,
1503,9274520377953,1,annule,,,,
1504,7596614841228,2,panier,,,,
1507,8423251785018,1,livre,,2020/03/12,2020/04/10,
1507,6934717366965,1,retourne,,2020/03/16,2020/04/06,2020/04/28
1510,3060797759875,1,panier,,,,
1510,3154168774193,2,panier,,,,
1511,0794695236145,2,panier,,,,
1511,1019152186286,2,panier,,,,
1512,2978294739534,1,en preparation,,,,
1512,2384345373903,1,annule,,,,
1513,1895259111268,1,en attente,2015/06/18,,,
1513,9346036732930,2,livre,,2015/05/30,2015/06/08,
1514,8511960660085,1,panier,,,,
1514,1019152186286,2,panier,,,,
1515,8127152136637,1,en attente,2016/08/14,,,
1515,3079729676910,1,en preparation,,,,
1516,8166462839478,1,panier,,,,
1516,0807914388956,2,panier,,,,
1518,1895259111268,2,panier,,,,
1518,8264288756415,1,panier,,,,
1519,7124306951211,2,panier,,,,
1519,5088893630645,2,panier,,,,
1522,4369801248619,2,panier,,,,
1522,3196378866338,2,panier,,,,
1523,4200019852356,1,en attente,2019/11/02,,,
1523,0901225361808,1,expedie,,2019/10/14,,
1524,1322080579351,2,panier,,,,
1526,8511960660085,2,retourne,,2018/08/28,2018/09/18,2018/09/19
1526,2266321025197,2,en preparation,,,,
1529,9511097814219,1,panier,,,,
1529,8596293118945,2,panier,,,,
1530,8677050883314,1,panier,,,,
1530,4909960293060,2,panier,,,,
1531,4935931986270,1,livre,,2020/04/22,2020/05/20,
1532,0973414162793,1,en attente,2017/11/10,,,
1532,2491891652509,1,en attente,2017/11/14,,,
1533,2485153264054,2,expedie,,2017/08/03,,
1533,1672820642889,1,annule,,,,
1535,8632231797805,2,panier,,,,
1535,3367915176844,2,panier,,,,
1536,1766847474158,2,panier,,,,
1537,9422878199017,1,en preparation,,,,
1538,3547970334288,2,panier,,,,
1539,6931956306262,1,panier,,,,
1539,7851762906627,2,panier,,,,
1540,1019152186286,2,en preparation,,,,
1540,4785727207665,2,expedie,,2019/01/31,,
1542,5510470487040,2,en preparation,,,,
1545,5162571711106,1,annule,,,,
1546,1590783628366,1,panier,,,,
1546,9891488434484,1,panier,,,,
1547,5169972664619,2,annule,,,,
1550,1671153182268,1,panier,,,,
1550,0634009374813,2,panier,,,,
1551,4435301411551,1,panier,,,,
1551,4148803955882,2,panier,,,,
1553,9762314776500,2,livre,,2018/09/22,2018/10/12,
1553,8464413909707,2,en preparation,,,,
1554,6989577440521,1,panier,,,,
1554,9961135995185,1,panier,,,,
1555,0747078103606,1,panier,,,,
1559,6369447375674,2,en attente,2012/10/23,,,
1559,3474808534262,2,en attente,2012/11/07,,,
1560,6894971072849,2,en attente,2010/10/11,,,
1561,6143259988515,1,en preparation,,,,
1564,9440950944127,2,panier,,,,
1564,9479982198216,2,panier,,,,
1566,7513538835073,2,panier,,,,
1566,9440950944127,1,panier,,,,
1567,4291208025710,1,panier,,,,
1569,5382781101407,1,panier,,,,
1569,9041078944926,2,panier,,,,
1571,0634009374813,1,en preparation,,,,
1571,7312641474599,1,expedie,,2011/04/04,,
1572,9684927804246,1,panier,,,,
1573,4032234410895,1,annule,,,,
1573,2315065067246,2,livre,,2010/12/07,2010/12/19,
1575,8464413909707,2,annule,,,,
1576,5181011021848,2,en attente,2014/03/24,,,
1576,4131982598913,2,annule,,,,
1581,9526224724203,1,en preparation,,,,
1582,9185624733751,2,annule,,,,
1586,9961135995185,1,en attente,2015/01/23,,,
1586,8012498397713,1,retourne,,2015/01/06,2015/01/23,2015/04/08
1587,4430955617515,1,annule,,,,
1587,0433245866463,2,retourne,,2013/05/18,2013/06/07,2013/07/07
1588,8236990732018,1,livre,,2015/05/22,2015/06/08,
1589,6894971072849,2,panier,,,,
1589,0901225361808,2,panier,,,,
1591,5088893630645,2,en attente,2017/07/18,,,
1592,9156392766633,1,retourne,,2013/09/12,2013/10/10,2013/12/25
1593,0130868652968,2,panier,,,,
1593,3576524856284,1,panier,,,,
1594,8582397851623,1,panier,,,,
1594,2695869957025,1,panier,,,,
1597,5510470487040,1,panier,,,,
1598,0638326482567,1,retourne,,2012/02/24,2012/03/20,2012/05/02
1599,3613330728879,1,en preparation,,,,
1599,0372215446125,1,en preparation,,,,
1600,0794695236145,1,panier,,,,
1600,4927028854674,1,panier,,,,
1601,6989577440521,1,panier,,,,
1602,7428436088790,1,panier,,,,
1603,6143259988515,2,panier,,,,
1605,9945461932044,1,expedie,,2019/06/22,,
1605,1968523264994,1,annule,,,,
1606,8632231797805,2,panier,,,,
1607,6143259988515,1,panier,,,,
1607,5836922729204,1,panier,,,,
1609,1984801414813,1,panier,,,,
1609,2873618203477,1,panier,,,,
1611,9302448195239,2,panier,,,,
1611,2592577437557,2,panier,,,,
1612,4572826260518,1,en attente,2019/09/02,,,
1612,3576524856284,2,en attente,2019/08/11,,,
1615,5702558994977,2,panier,,,,
1616,0634009374813,2,retourne,,2012/09/15,2012/09/23,2012/10/12
1616,1179918040978,2,annule,,,,
1617,9762314776500,2,panier,,,,
1618,4435301411551,1,panier,,,,
1620,5169972664619,2,en preparation,,,,
1623,2581086282561,2,panier,,,,
1623,2427218921938,1,panier,,,,
1626,2382026236439,2,expedie,,2018/11/21,,
1627,8595286372033,2,panier,,,,
1628,3978457605407,1,expedie,,2015/05/18,,
1628,9132788063786,1,en preparation,,,,
1629,9583425821531,1,retourne,,2010/02/28,2010/03/28,2010/06/17
1633,9422732820979,1,panier,,,,
1634,7124306951211,2,panier,,,,
1634,9946544666473,2,panier,,,,
1635,0717976425719,1,panier,,,,
1635,9274520377953,1,panier,,,,
1636,1400980616064,2,retourne,,2014/03/30,2014/04/24,2014/06/02
1637,6163413701326,1,panier,,,,
1638,1360651387296,1,panier,,,,
1641,6629573602865,1,panier,,,,
1641,8510782986282,2,panier,,,,
1644,2144258747867,1,panier,,,,
1644,3367915176844,2,panier,,,,
1646,2120695874989,2,panier,,,,
1647,0452447068288,1,retourne,,2015/09/09,2015/09/10,2015/10/30
1647,1142910317998,2,annule,,,,
1649,6369447375674,1,panier,,,,
1649,8582397851623,1,panier,,,,
1650,5398453274883,2,en preparation,,,,
1650,5702558994977,2,retourne,,2019/08/28,2019/09/14,2019/11/26
1651,9135910424821,2,expedie,,2010/02/21,,
1651,1142910317998,2,en attente,2010/02/22,,,
1652,4184266743456,1,panier,,,,
1653,6143259988515,2,annule,,,,
1653,9583425821531,1,annule,,,,
1654,0422778651974,1,en preparation,,,,
1654,8511960660085,2,retourne,,2018/04/13,2018/04/16,2018/06/29
1657,4043378572485,2,livre,,2020/06/22,2020/07/19,
1658,4572107878314,2,panier,,,,
1659,7775194745581,2,expedie,,2020/01/27,,
1660,7089971494964,1,panier,,,,
1661,4874110170057,1,retourne,,2017/01/15,2017/01/29,2017/02/04
1661,4369801248619,2,expedie,,2017/01/10,,
1662,1828141359452,2,retourne,,2016/07/18,2016/08/01,2016/09/30
1662,9326048477793,2,retourne,,2016/07/22,2016/07/31,2016/08/23
1663,8930841327116,1,panier,,,,
1664,5510470487040,2,retourne,,2019/06/18,2019/07/16,2019/09/05
1667,1566337649293,1,panier,,,,
1668,0100432715711,1,panier,,,,
1668,5702558994977,1,panier,,,,
1671,1322080579351,2,livre,,2015/03/05,2015/03/25,
1672,8437852232670,2,retourne,,2011/11/22,2011/12/10,2012/02/28
1672,9911978025186,1,livre,,2011/11/23,2011/12/07,
1674,1360651387296,1,panier,,,,
1676,5088893630645,1,panier,,,,
1677,9526224724203,2,panier,,,,
1678,7978181395478,2,panier,,,,
1678,9963125172479,1,panier,,,,
1680,9346036732930,1,panier,,,,
1681,5169972664619,2,en attente,2016/10/08,,,
1682,4927028854674,2,panier,,,,
1682,6384058192362,2,panier,,,,
1683,0807914388956,2,expedie,,2017/08/02,,
1685,6931956306262,1,en preparation,,,,
1686,4032234410895,1,panier,,,,
1686,1360651387296,2,panier,,,,
1687,5398453274883,2,livre,,2014/08/18,2014/08/28,
1687,4785727207665,1,expedie,,2014/08/14,,
1688,7513538835073,2,en preparation,,,,
1689,1895259111268,1,annule,,,,
1689,1160700630436,1,retourne,,2012/04/03,2012/04/21,2012/05/31
1691,0130868652968,2,panier,,,,
1691,0720610923456,2,panier,,,,
1692,5382781101407,1,expedie,,2012/09/01,,
1692,4935931986270,2,retourne,,2012/09/05,2012/09/09,2012/09/21
1693,1968523264994,2,panier,,,,
1694,5162571711106,1,panier,,,,
1695,3871451269614,1,panier,,,,
1695,4369801248619,2,panier,,,,
1696,5648612192153,2,panier,,,,
1697,0989721573616,1,livre,,2015/09/14,2015/09/29,
1697,9185624733751,2,annule,,,,
1698,6844447903105,1,panier,,,,
1699,4613583205378,2,panier,,,,
1701,6211186722561,2,panier,,,,
1702,1766847474158,2,en preparation,,,,
1702,0478417968727,2,expedie,,2015/11/07,,
1704,9185624733751,2,expedie,,2012/05/28,,
1705,7743400409259,2,panier,,,,
1705,8259241182474,1,panier,,,,
1707,8360352730755,2,panier,,,,
1707,4261183273738,1,panier,,,,
1708,0794695236145,2,en attente,2015/04/19,,,
1711,1671153182268,1,en preparation,,,,
1714,4757605794880,1,expedie,,2017/06/24,,
1714,5648612192153,2,livre,,2017/06/28,2017/07/27,
1715,4572826260518,1,en preparation,,,,
1715,4380102591337,1,annule,,,,
1717,6050285139312,1,panier,,,,
1717,2134396367979,2,panier,,,,
1718,2261273890766,1,retourne,,2020/08/18,2020/09/02,2020/09/11
1718,7904280969649,1,retourne,,2020/08/17,2020/08/26,2020/10/05
1720,9041078944926,1,en attente,2011/03/02,,,
1721,2107031077818,1,en attente,2012/06/09,,,
1724,4367974881370,2,livre,,2017/09/27,2017/09/27,
1727,8423251785018,2,en attente,2018/08/14,,,
1729,9511097814219,1,en preparation,,,,
1729,2261273890766,1,en preparation,,,,
1730,3978457605407,2,annule,,,,
1731,4757605794880,1,retourne,,2015/08/12,2015/08/19,2015/10/27
1732,3057391180378,1,panier,,,,
1732,4043378572485,1,panier,,,,
1736,1342330687704,1,panier,,,,
1737,4053775443725,1,expedie,,2018/12/19,,
1737,9185624733751,1,expedie,,2018/12/16,,
1739,0258622409205,2,en attente,2010/05/15,,,
1739,7373324676287,1,retourne,,2010/05/12,2010/05/21,2010/05/22
1741,2120695874989,1,en preparation,,,,
1743,6844447903105,1,en attente,2011/05/27,,,
1744,4369801248619,2,en preparation,,,,
1745,0478417968727,1,livre,,2021/04/16,2021/05/05,
1745,9945461932044,2,retourne,,2021/04/14,2021/04/23,2021/07/15
1746,9274520377953,2,panier,,,,
1747,4369801248619,1,expedie,,2021/04/02,,
1747,3292525878379,2,retourne,,2021/03/30,2021/04/23,2021/07/11
1748,4757605794880,2,expedie,,2019/10/07,,
1749,1030811124519,2,panier,,,,
1749,9223138576904,2,panier,,,,
1751,8464413909707,1,panier,,,,
1753,3196378866338,1,panier,,,,
1753,1672820642889,2,panier,,,,
1754,8464413909707,2,livre,,2021/04/13,2021/05/10,
1754,7089971494964,2,retourne,,2021/04/15,2021/05/03,2021/07/19
1755,5704258145126,2,panier,,,,
1756,2457037620448,2,expedie,,2017/05/19,,
1760,6143259988515,2,en preparation,,,,
1763,1766847474158,1,panier,,,,
1763,0634009374813,1,panier,,,,
1765,4088332900477,1,panier,,,,
1765,2486757908437,1,panier,,,,
1767,3853366626119,2,livre,,2011/01/17,2011/02/13,
1768,5223114922196,2,expedie,,2015/08/12,,
1768,5712598679612,1,annule,,,,
1769,3079729676910,1,en attente,2019/03/18,,,
1770,2315065067246,2,panier,,,,
1770,0258622409205,1,panier,,,,
1771,9422878199017,2,en preparation,,,,
1771,3057391180378,1,livre,,2018/05/07,2018/05/12,
1773,9584378614075,2,panier,,,,
1773,3321410549530,1,panier,,,,
1774,3576524856284,1,panier,,,,
1774,1563636240323,1,panier,,,,
1775,2382026236439,1,expedie,,2018/12/27,,
1775,2266321025197,2,retourne,,2018/12/29,2019/01/23,2019/03/29
1777,8012498397713,1,en preparation,,,,
1778,5088893630645,2,expedie,,2013/08/02,,
1780,3994669581098,2,panier,,,,
1780,4043378572485,2,panier,,,,
1781,1782856108531,1,panier,,,,
1781,5746636435197,1,panier,,,,
1782,4785727207665,1,panier,,,,
1782,9690128862016,2,panier,,,,
1783,9422878199017,1,panier,,,,
1783,2492693776728,1,panier,,,,
1784,9960877171612,2,panier,,,,
1785,1410689195428,2,retourne,,2016/07/28,2016/07/30,2016/09/27
1787,2427218921938,1,en attente,2018/12/05,,,
1788,2337914434734,1,panier,,,,
1790,5704258145126,1,expedie,,2010/08/06,,
1792,1782856108531,2,expedie,,2010/06/21,,
1793,9376899752357,1,en preparation,,,,
1795,2955402388638,1,panier,,,,
1795,8291608910874,1,panier,,,,
1796,4387486987861,2,retourne,,2020/12/14,2020/12/30,2021/02/20
1796,4261183273738,1,retourne,,2020/12/20,2021/01/01,2021/02/07
1797,4951557159157,1,annule,,,,
1797,7740898506994,1,en attente,2011/11/22,,,
1798,3213578682180,2,panier,,,,
1798,0901225361808,2,panier,,,,
1799,6369447375674,1,en attente,2010/09/18,,,
1799,3871451269614,2,en attente,2010/09/02,,,
1802,8745268848879,1,panier,,,,
1803,7309499375645,1,panier,,,,
1804,5784478653317,1,livre,,2011/05/18,2011/06/01,
1807,4148803955882,1,panier,,,,
1809,4999366121034,2,en preparation,,,,
1809,6046840620862,1,en attente,2017/02/17,,,
1810,0634009374813,2,expedie,,2010/03/30,,
1811,3978457605407,2,retourne,,2011/06/29,2011/07/27,2011/08/29
1814,5223114922196,2,livre,,2012/03/02,2012/03/03,
1814,3160384984181,2,livre,,2012/03/02,2012/03/14,
1817,4131982598913,1,panier,,,,
1818,1322080579351,2,livre,,2011/11/07,2011/12/01,
1819,9302448195239,1,annule,,,,
1819,1142910317998,2,annule,,,,
1821,5784478653317,2,livre,,2014/08/27,2014/08/29,
1822,9584378614075,2,expedie,,2017/06/28,,
1823,2492693776728,1,panier,,,,
1823,2486757908437,1,panier,,,,
1824,4572107878314,1,panier,,,,
1824,1782856108531,1,panier,,,,
1825,2266321025197,1,panier,,,,
1826,3060797759875,2,retourne,,2016/03/09,2016/03/28,2016/06/13
1826,4131982598913,1,en attente,2016/03/19,,,
1827,5888404244340,1,annule,,,,
1827,4042350014941,2,en attente,2016/04/19,,,
1831,9479982198216,1,annule,,,,
1833,8632231797805,1,panier,,,,
1835,7904280969649,2,livre,,2016/01/27,2016/02/07,
1835,0638326482567,2,retourne,,2016/01/27,2016/02/06,2016/02/12
1837,7061566057224,2,retourne,,2020/08/17,2020/08/26,2020/09/03
1837,9376899752357,2,retourne,,2020/08/20,2020/09/15,2020/10/09
1839,7502935763140,1,en preparation,,,,
1840,3978457605407,2,annule,,,,
1841,5322133827120,1,en preparation,,,,
1842,4184266743456,2,expedie,,2015/12/21,,
1842,5322133827120,2,annule,,,,
1843,1563636240323,1,retourne,,2010/07/01,2010/07/27,2010/08/22
1844,5169972664619,2,expedie,,2011/12/09,,
1844,0704618168784,2,annule,,,,
1845,5911450660484,2,panier,,,,
1846,5088893630645,1,panier,,,,
1846,2560532370545,1,panier,,,,
1849,4936361188092,1,retourne,,2019/03/24,2019/04/12,2019/07/09
1850,1400980616064,2,panier,,,,
1851,3060797759875,1,retourne,,2019/09/22,2019/09/25,2019/11/30
1851,0747078103606,2,en preparation,,,,
1853,0807914388956,2,retourne,,2012/06/17,2012/06/23,2012/09/18
1856,4927028854674,2,panier,,,,
1857,6190328272488,1,en attente,2016/11/21,,,
1857,3472861371151,2,livre,,2016/11/24,2016/11/29,
1858,2384345373903,1,annule,,,,
1858,2592577437557,2,annule,,,,
1859,8259241182474,2,panier,,,,
1859,4200019852356,2,panier,,,,
1860,4291208025710,1,retourne,,2011/02/26,2011/03/20,2011/04/26
1862,8518027056941,1,panier,,,,
1862,2266321025197,2,panier,,,,
1863,5911450660484,1,panier,,,,
1865,2978294739534,1,en preparation,,,,
1865,7304010999201,2,livre,,2014/04/22,2014/04/23,
1866,9628764486462,2,panier,,,,
1867,4291208025710,1,panier,,,,
1868,8632231797805,1,panier,,,,
1868,5076794691909,2,panier,,,,
1869,4909960293060,1,livre,,2012/02/25,2012/03/08,
1869,4877379163465,1,en preparation,,,,
1871,7102165002748,2,panier,,,,
1871,3060797759875,2,panier,,,,
1872,7502935763140,2,livre,,2019/10/01,2019/10/13,
1873,3690596459377,2,panier,,,,
1873,6371476432593,1,panier,,,,
1875,1828141359452,1,panier,,,,
1876,9511097814219,2,panier,,,,
1876,1257135085467,2,panier,,,,
1877,0217457615175,2,panier,,,,
1880,7089971494964,2,panier,,,,
1880,0720610923456,1,panier,,,,
1881,0973414162793,2,panier,,,,
1881,2581086282561,1,panier,,,,
1883,8264288756415,2,retourne,,2012/03/23,2012/04/02,2012/04/14
1883,0069051140860,2,livre,,2012/03/27,2012/04/17,
1884,0720610923456,2,en attente,2015/12/22,,,
1885,5398453274883,2,livre,,2018/08/04,2018/08/06,
1885,8012498397713,2,annule,,,,
1886,5382781101407,2,panier,,,,
1887,8749303337499,1,panier,,,,
1887,6354207426361,1,panier,,,,
1888,5076794691909,1,annule,,,,
1888,0898774739792,1,en preparation,,,,
1889,2384345373903,2,panier,,,,
1890,1019152186286,2,panier,,,,
1890,8542431889226,1,panier,,,,
1892,0422778651974,1,en attente,2012/08/31,,,
1895,0638326482567,1,expedie,,2013/11/12,,
1895,5398453274883,2,expedie,,2013/11/11,,
1896,4712354058051,2,panier,,,,
1899,4200019852356,2,annule,,,,
1901,0973414162793,1,panier,,,,
1902,3576524856284,2,retourne,,2014/01/30,2014/02/05,2014/02/12
1902,3978457605407,1,retourne,,2014/01/27,2014/02/14,2014/05/04
1903,0372215446125,1,annule,,,,
1903,1630783259370,2,retourne,,2012/08/31,2012/09/24,2012/10/31
1907,7061566057224,1,panier,,,,
1908,0433245866463,1,retourne,,2012/05/27,2012/06/02,2012/06/25
1908,0217457615175,1,livre,,2012/05/27,2012/06/25,
1909,4712354058051,1,en attente,2011/12/04,,,
1909,4369801248619,1,retourne,,2011/11/26,2011/12/23,2011/12/29
1910,8291608910874,2,retourne,,2013/08/29,2013/09/25,2013/10/20
1910,4367974881370,1,annule,,,,
1911,8632231797805,2,retourne,,2012/05/10,2012/06/02,2012/08/30
1912,1179918040978,2,expedie,,2016/08/11,,
1912,4200019852356,2,en attente,2016/08/16,,,
1913,7723453371627,1,livre,,2011/06/28,2011/07/18,
1914,4548147921217,2,panier,,,,
1914,2337914434734,2,panier,,,,
1915,8930841327116,1,en attente,2011/02/21,,,
1915,3472861371151,2,retourne,,2011/02/16,2011/03/07,2011/03/28
1917,9597720419838,2,en preparation,,,,
1917,4261183273738,1,livre,,2010/01/17,2010/01/17,
1919,2891879081888,2,retourne,,2014/05/09,2014/05/13,2014/07/03
1920,3292525878379,2,en attente,2019/12/14,,,
1920,7061566057224,2,en attente,2019/12/19,,,
1921,4613583205378,2,panier,,,,
1921,8510782986282,2,panier,,,,
1922,0898774739792,1,en preparation,,,,
1922,4053775443725,2,annule,,,,
1925,5746636435197,1,panier,,,,
1926,7743400409259,2,panier,,,,
1928,2873618203477,2,panier,,,,
1929,5836922729204,1,panier,,,,
1929,4148803955882,1,panier,,,,
1930,2592577437557,1,panier,,,,
1930,3292525878379,2,panier,,,,
1931,1019152186286,1,panier,,,,
1931,7795009073624,1,panier,,,,
1932,3060797759875,1,livre,,2015/09/27,2015/10/01,
1932,0688270396049,2,en preparation,,,,
1933,0747078103606,1,en attente,2011/08/14,,,
1935,2955402388638,1,en preparation,,,,
1935,8511960660085,2,expedie,,2012/02/01,,
1936,2592577437557,2,panier,,,,
1936,0777574964718,1,panier,,,,
1937,7304010999201,2,panier,,,,
1938,7513538835073,1,panier,,,,
1938,1179918040978,1,panier,,,,
1939,9185624733751,1,panier,,,,
1939,6050285139312,1,panier,,,,
1940,9963125172479,1,panier,,,,
1940,1590783628366,2,panier,,,,
1941,3294385251625,2,panier,,,,
1941,3292525878379,1,panier,,,,
1942,1590783628366,2,en preparation,,,,
1942,8632231797805,1,en preparation,,,,
1943,5836922729204,1,panier,,,,
1943,1716621592733,1,panier,,,,
1944,9945461932044,2,en attente,2019/05/26,,,
1945,2491891652509,1,annule,,,,
1945,7851762906627,1,retourne,,2013/04/24,2013/05/22,2013/06/16
1947,8749303337499,1,en attente,2010/04/01,,,
1948,3160384984181,2,livre,,2010/01/26,2010/02/05,
1948,5088893630645,2,en preparation,,,,
1950,4369801248619,2,panier,,,,
1951,6005551155002,2,panier,,,,
1952,9891488434484,2,panier,,,,
1953,0634009374813,2,annule,,,,
1953,3685067713087,1,expedie,,2010/05/09,,
1954,9762314776500,1,en preparation,,,,
1954,2337914434734,2,expedie,,2012/12/02,,
1956,2025686180845,2,en attente,2020/10/19,,,
1956,2492693776728,1,livre,,2020/10/03,2020/10/14,
1959,4749269355688,1,panier,,,,
1959,4572826260518,1,panier,,,,
1960,4430955617515,1,panier,,,,
1962,0566300833307,2,panier,,,,
1964,0433245866463,2,panier,,,,
1965,3690596459377,1,panier,,,,
1966,2426638351351,2,en preparation,,,,
1966,3690596459377,1,livre,,2012/09/22,2012/10/21,
1967,0720610923456,1,en preparation,,,,
1968,8511960660085,2,en attente,2011/10/04,,,
1969,5510470487040,2,expedie,,2010/02/22,,
1972,6854581439829,2,panier,,,,
1972,4148803955882,1,panier,,,,
1973,0433245866463,2,panier,,,,
1973,2491891652509,2,panier,,,,
1974,1766847474158,2,panier,,,,
1975,8943027987812,2,annule,,,,
1976,2955402388638,2,expedie,,2014/04/14,,
1977,4927028854674,1,expedie,,2016/06/08,,
1978,1342330687704,2,retourne,,2017/01/13,2017/01/30,2017/03/06
1979,7124306951211,1,panier,,,,
1979,4184266743456,2,panier,,,,
1980,9422732820979,1,panier,,,,
1980,5836922729204,1,panier,,,,
1983,9963125172479,2,panier,,,,
1983,0901225361808,1,panier,,,,
1984,3613330728879,1,livre,,2017/09/12,2017/10/05,
1984,2382026236439,2,expedie,,2017/09/12,,
1985,7795009073624,2,panier,,,,
1985,8986655944298,2,panier,,,,
1987,3994669581098,1,panier,,,,
1988,2266321025197,2,en preparation,,,,
1988,0343399571264,2,en preparation,,,,
1991,3115255453964,1,expedie,,2011/10/23,,
1992,8012498397713,2,en attente,2012/05/03,,,
1992,2427218921938,1,retourne,,2012/05/05,2012/05/22,2012/06/06
1993,5648612192153,2,annule,,,,
1993,5702558994977,2,annule,,,,
1994,8518027056941,1,panier,,,,
1994,5648612192153,1,panier,,,,
1995,4291208025710,2,annule,,,,
1996,6854581439829,1,retourne,,2015/09/21,2015/10/17,2015/12/27
1997,8595286372033,1,panier,,,,
1999,3975642785288,2,retourne,,2015/11/17,2015/12/09,2016/02/10
1999,2134396367979,1,en attente,2015/11/29,,,
